"COUNTRY","COUNTRY_GRP","SEX","YEAR","VALUE"
"ALB","","ALL","1980","39.31"
"ALB","","ALL","1981","35.01"
"ALB","","ALL","1982","35.15"
"ALB","","ALL","1983","31.36"
"ALB","","ALL","1984","33.61"
"ALB","","ALL","1985","30.97"
"ALB","","ALL","1986","32.8"
"ALB","","ALL","1987","29.75"
"ALB","","ALL","1988","24.19"
"ALB","","ALL","1989","21.84"
"ALB","","ALL","1990","19.87"
"ALB","","ALL","1991","19.26"
"ALB","","ALL","1994","22.08"
"ALB","","ALL","1995","19.73"
"ALB","","ALL","1996","22.48"
"ALB","","ALL","1997","19.7"
"ALB","","ALL","1998","20.69"
"ALB","","ALL","1999","21.73"
"ALB","","ALL","2000","19.4"
"ALB","","ALL","2001","18.08"
"ALB","","ALL","2002","19.26"
"ALB","","ALL","2003","17.89"
"ALB","","ALL","2004","17.49"
"ALB","","ALL","2005","16.8"
"ALB","","ALL","2006","15.67"
"ALB","","ALL","2007","14.75"
"ALB","","ALL","2008","14.49"
"ALB","","ALL","2009","15.2"
"ALB","","ALL","2010","14.8"
"ALB","","ALL","2011","14.53"
"ALB","","ALL","2012","14.07"
"ALB","","ALL","2013","16.36"
"ALB","","ALL","2014","14.12"
"ALB","","ALL","2015","14.36"
"ALB","","ALL","2016","14.29"
"ALB","","ALL","2017","17.52"
"ALB","","ALL","2018","15.37"
"ALB","","ALL","2019","14.39"
"ALB","","ALL","2020","8.38"
"AND","","ALL","1991","42.27"
"AND","","ALL","1992","34.81"
"AND","","ALL","1993","23.65"
"AND","","ALL","1994","37.05"
"AND","","ALL","1996","26.49"
"AND","","ALL","1997","29.28"
"AND","","ALL","1998","12.2"
"AND","","ALL","1999","15.17"
"AND","","ALL","2000","18.21"
"AND","","ALL","2001","15.13"
"AND","","ALL","2002","7.49"
"AND","","ALL","2003","15.77"
"AND","","ALL","2004","9.38"
"AND","","ALL","2005","12.87"
"AND","","ALL","2006","15.02"
"AND","","ALL","2007","6.08"
"AND","","ALL","2008","4.77"
"AND","","ALL","2009","9.49"
"AND","","ALL","2010","8.28"
"AND","","ALL","2011","3.68"
"AND","","ALL","2012","11.66"
"AND","","ALL","2013","6.56"
"AND","","ALL","2014","8.24"
"AND","","ALL","2015","5.68"
"AND","","ALL","2016","5.78"
"AND","","ALL","2017","1.26"
"AND","","ALL","2018","2.49"
"AND","","ALL","2019","6.17"
"AND","","ALL","2020","2.47"
"ARM","","ALL","1980","24.36"
"ARM","","ALL","1981","29.8"
"ARM","","ALL","1982","24.23"
"ARM","","ALL","1983","22.06"
"ARM","","ALL","1984","24.2"
"ARM","","ALL","1985","23.77"
"ARM","","ALL","1986","25.47"
"ARM","","ALL","1987","23.2"
"ARM","","ALL","1988","19.67"
"ARM","","ALL","1989","19.63"
"ARM","","ALL","1990","17.6"
"ARM","","ALL","1991","20.52"
"ARM","","ALL","1992","6.38"
"ARM","","ALL","1993","17.03"
"ARM","","ALL","1994","22.43"
"ARM","","ALL","1995","30.67"
"ARM","","ALL","1996","28.56"
"ARM","","ALL","1997","32.38"
"ARM","","ALL","1998","42.65"
"ARM","","ALL","1999","46.04"
"ARM","","ALL","2000","41.31"
"ARM","","ALL","2001","43.2"
"ARM","","ALL","2002","44.6"
"ARM","","ALL","2003","47.89"
"ARM","","ALL","2004","51.65"
"ARM","","ALL","2005","68.56"
"ARM","","ALL","2006","54.7"
"ARM","","ALL","2007","52.13"
"ARM","","ALL","2008","51.17"
"ARM","","ALL","2009","48.09"
"ARM","","ALL","2010","43.3"
"ARM","","ALL","2011","38.58"
"ARM","","ALL","2012","40.11"
"ARM","","ALL","2013","46.23"
"ARM","","ALL","2014","44.21"
"ARM","","ALL","2015","38.8"
"ARM","","ALL","2016","33.94"
"ARM","","ALL","2017","28.23"
"ARM","","ALL","2018","24.72"
"ARM","","ALL","2019","20.92"
"ARM","","ALL","2020","13.3"
"AUT","","ALL","1980","29.19"
"AUT","","ALL","1981","27.23"
"AUT","","ALL","1982","25.64"
"AUT","","ALL","1983","24.13"
"AUT","","ALL","1984","23.34"
"AUT","","ALL","1985","19.06"
"AUT","","ALL","1986","18.19"
"AUT","","ALL","1987","18.35"
"AUT","","ALL","1988","18.48"
"AUT","","ALL","1989","17.51"
"AUT","","ALL","1990","19.81"
"AUT","","ALL","1991","18.39"
"AUT","","ALL","1992","17.27"
"AUT","","ALL","1993","16.03"
"AUT","","ALL","1994","15.93"
"AUT","","ALL","1995","18.63"
"AUT","","ALL","1996","16.21"
"AUT","","ALL","1997","17.49"
"AUT","","ALL","1998","16.32"
"AUT","","ALL","1999","13.58"
"AUT","","ALL","2000","14.79"
"AUT","","ALL","2001","12.6"
"AUT","","ALL","2002","12.92"
"AUT","","ALL","2003","11.65"
"AUT","","ALL","2004","10.96"
"AUT","","ALL","2005","11.28"
"AUT","","ALL","2006","10.34"
"AUT","","ALL","2007","9.78"
"AUT","","ALL","2009","7.95"
"AUT","","ALL","2010","7.92"
"AUT","","ALL","2011","8.02"
"AUT","","ALL","2012","7.36"
"AUT","","ALL","2013","7.36"
"AUT","","ALL","2014","6.62"
"AUT","","ALL","2015","6.6"
"AUT","","ALL","2016","7.22"
"AUT","","ALL","2017","6.43"
"AUT","","ALL","2018","5.34"
"AUT","","ALL","2019","5.25"
"AUT","","ALL","2020","4.3"
"AZE","","ALL","1980","50"
"AZE","","ALL","1981","50.86"
"AZE","","ALL","1982","50.66"
"AZE","","ALL","1983","49.21"
"AZE","","ALL","1984","53.48"
"AZE","","ALL","1985","56.65"
"AZE","","ALL","1986","56.29"
"AZE","","ALL","1987","53.59"
"AZE","","ALL","1988","47.96"
"AZE","","ALL","1989","42.9"
"AZE","","ALL","1990","37.32"
"AZE","","ALL","1991","38.62"
"AZE","","ALL","1992","38.83"
"AZE","","ALL","1993","41.4"
"AZE","","ALL","1994","38.41"
"AZE","","ALL","1995","21.9"
"AZE","","ALL","1996","33.12"
"AZE","","ALL","1997","61.5"
"AZE","","ALL","1998","59.04"
"AZE","","ALL","1999","58.3"
"AZE","","ALL","2000","64.45"
"AZE","","ALL","2001","60.39"
"AZE","","ALL","2002","62.92"
"AZE","","ALL","2003","46.7"
"AZE","","ALL","2004","65.06"
"AZE","","ALL","2005","71.9"
"AZE","","ALL","2006","66.26"
"AZE","","ALL","2007","64.34"
"AZE","","ALL","2008","86.35"
"AZE","","ALL","2009","105.75"
"AZE","","ALL","2010","83.39"
"AZE","","ALL","2011","99.7"
"AZE","","ALL","2012","68.45"
"AZE","","ALL","2013","62.23"
"AZE","","ALL","2014","60.11"
"AZE","","ALL","2015","56.54"
"AZE","","ALL","2016","52.28"
"AZE","","ALL","2017","53.08"
"AZE","","ALL","2018","51.13"
"AZE","","ALL","2019","48.94"
"AZE","","ALL","2020","37.38"
"BEL","","ALL","1980","27.27"
"BEL","","ALL","1981","28.81"
"BEL","","ALL","1982","26.9"
"BEL","","ALL","1983","22.22"
"BEL","","ALL","1984","21.81"
"BEL","","ALL","1985","19.84"
"BEL","","ALL","1986","19.19"
"BEL","","ALL","1987","17.95"
"BEL","","ALL","1988","16.04"
"BEL","","ALL","1989","16.58"
"BEL","","ALL","1990","15.82"
"BEL","","ALL","1991","14.61"
"BEL","","ALL","1992","13.29"
"BEL","","ALL","1993","14.91"
"BEL","","ALL","1994","15.04"
"BEL","","ALL","1995","13.61"
"BEL","","ALL","1996","13.27"
"BEL","","ALL","1997","12.42"
"BEL","","ALL","1998","11.79"
"BEL","","ALL","1999","10.99"
"BEL","","ALL","2000","12.47"
"BEL","","ALL","2001","12.84"
"BEL","","ALL","2002","11.72"
"BEL","","ALL","2003","10.25"
"BEL","","ALL","2004","10.82"
"BEL","","ALL","2005","10.27"
"BEL","","ALL","2006","9.89"
"BEL","","ALL","2007","8.99"
"BEL","","ALL","2008","8.77"
"BEL","","ALL","2009","8.5"
"BEL","","ALL","2010","9.23"
"BEL","","ALL","2011","8.75"
"BEL","","ALL","2012","8.17"
"BEL","","ALL","2013","8.1"
"BEL","","ALL","2014","7.89"
"BEL","","ALL","2015","8.24"
"BEL","","ALL","2016","8.67"
"BEL","","ALL","2017","8.04"
"BEL","","ALL","2018","7.99"
"BEL","","ALL","2019","7.83"
"BEL","","ALL","2020","6.76"
"BGR","","ALL","1980","37.01"
"BGR","","ALL","1981","33.82"
"BGR","","ALL","1982","33.63"
"BGR","","ALL","1983","32.35"
"BGR","","ALL","1984","31.87"
"BGR","","ALL","1985","28.52"
"BGR","","ALL","1986","28.24"
"BGR","","ALL","1987","26.22"
"BGR","","ALL","1988","26.58"
"BGR","","ALL","1989","25.6"
"BGR","","ALL","1990","25.09"
"BGR","","ALL","1991","29.01"
"BGR","","ALL","1992","36.25"
"BGR","","ALL","1993","37.92"
"BGR","","ALL","1994","62.72"
"BGR","","ALL","1995","38.6"
"BGR","","ALL","1996","37.18"
"BGR","","ALL","1997","41.35"
"BGR","","ALL","1998","49.86"
"BGR","","ALL","1999","42.99"
"BGR","","ALL","2000","40.99"
"BGR","","ALL","2001","48.8"
"BGR","","ALL","2002","42.38"
"BGR","","ALL","2003","41.71"
"BGR","","ALL","2004","38.88"
"BGR","","ALL","2005","41.67"
"BGR","","ALL","2006","40.73"
"BGR","","ALL","2007","37.18"
"BGR","","ALL","2008","38.62"
"BGR","","ALL","2009","35"
"BGR","","ALL","2010","32.01"
"BGR","","ALL","2011","29.27"
"BGR","","ALL","2012","28.48"
"BGR","","ALL","2013","26.57"
"BGR","","ALL","2014","25.34"
"BGR","","ALL","2015","22.64"
"BGR","","ALL","2016","21.49"
"BGR","","ALL","2017","19.84"
"BGR","","ALL","2018","18.17"
"BGR","","ALL","2019","18.15"
"BGR","","ALL","2020","12.72"
"BIH","","ALL","1980","107.93"
"BIH","","ALL","1981","105.96"
"BIH","","ALL","1982","112.61"
"BIH","","ALL","1983","106.94"
"BIH","","ALL","1984","111.61"
"BIH","","ALL","1985","109.04"
"BIH","","ALL","1986","106.68"
"BIH","","ALL","1987","103.78"
"BIH","","ALL","1988","93.1"
"BIH","","ALL","1989","94.16"
"BIH","","ALL","1990","90.95"
"BIH","","ALL","1991","78.48"
"BIH","","ALL","1996","63"
"BIH","","ALL","1997","75.82"
"BIH","","ALL","1998","74.17"
"BIH","","ALL","1999","78.02"
"BIH","","ALL","2000","65.61"
"BIH","","ALL","2001","65.74"
"BIH","","ALL","2002","44.43"
"BIH","","ALL","2003","46.69"
"BIH","","ALL","2004","60.19"
"BIH","","ALL","2005","54.03"
"BIH","","ALL","2006","47.18"
"BIH","","ALL","2007","62.98"
"BIH","","ALL","2008","44.74"
"BIH","","ALL","2009","44.94"
"BIH","","ALL","2010","34.37"
"BIH","","ALL","2011","35.42"
"BIH","","ALL","2012","36.73"
"BIH","","ALL","2013","32.85"
"BIH","","ALL","2014","31.33"
"BIH","","ALL","2015","28.66"
"BIH","","ALL","2016","23.86"
"BIH","","ALL","2017","22.28"
"BIH","","ALL","2018","19.37"
"BIH","","ALL","2019","16.87"
"BIH","","ALL","2020","10.45"
"BLR","","ALL","1980","61.84"
"BLR","","ALL","1981","63.9"
"BLR","","ALL","1982","55.98"
"BLR","","ALL","1983","55.85"
"BLR","","ALL","1984","51.19"
"BLR","","ALL","1985","48.94"
"BLR","","ALL","1986","41.22"
"BLR","","ALL","1987","38.85"
"BLR","","ALL","1988","37.24"
"BLR","","ALL","1989","36.42"
"BLR","","ALL","1990","29.76"
"BLR","","ALL","1991","36.6"
"BLR","","ALL","1992","23.44"
"BLR","","ALL","1993","40.06"
"BLR","","ALL","1994","42.18"
"BLR","","ALL","1995","47.62"
"BLR","","ALL","1996","54.61"
"BLR","","ALL","1997","58.56"
"BLR","","ALL","1998","60.34"
"BLR","","ALL","1999","73.13"
"BLR","","ALL","2000","67.96"
"BLR","","ALL","2001","55.21"
"BLR","","ALL","2002","51.78"
"BLR","","ALL","2003","60.39"
"BLR","","ALL","2004","55.4"
"BLR","","ALL","2005","54.3"
"BLR","","ALL","2006","52.83"
"BLR","","ALL","2007","55.15"
"BLR","","ALL","2008","52.95"
"BLR","","ALL","2009","54.3"
"BLR","","ALL","2010","53.72"
"BLR","","ALL","2011","49.58"
"BLR","","ALL","2012","50.54"
"BLR","","ALL","2013","47.22"
"BLR","","ALL","2014","40.61"
"BLR","","ALL","2015","39.65"
"BLR","","ALL","2016","33.87"
"BLR","","ALL","2017","29.28"
"BLR","","ALL","2018","24.87"
"BLR","","ALL","2019","23.27"
"BLR","","ALL","2020","15.99"
"","CARINFONET","ALL","1980","72.08"
"","CARINFONET","ALL","1981","71.03"
"","CARINFONET","ALL","1982","66.92"
"","CARINFONET","ALL","1983","63.99"
"","CARINFONET","ALL","1984","60.68"
"","CARINFONET","ALL","1985","59.84"
"","CARINFONET","ALL","1986","61.86"
"","CARINFONET","ALL","1987","62.62"
"","CARINFONET","ALL","1988","62.04"
"","CARINFONET","ALL","1989","62.26"
"","CARINFONET","ALL","1990","54.5"
"","CARINFONET","ALL","1991","52.94"
"","CARINFONET","ALL","1992","50.67"
"","CARINFONET","ALL","1993","49.12"
"","CARINFONET","ALL","1994","58.57"
"","CARINFONET","ALL","1995","52.77"
"","CARINFONET","ALL","1996","62.48"
"","CARINFONET","ALL","1997","73.98"
"","CARINFONET","ALL","1998","86.81"
"","CARINFONET","ALL","1999","97.35"
"","CARINFONET","ALL","2000","99.2"
"","CARINFONET","ALL","2001","103.26"
"","CARINFONET","ALL","2002","110.64"
"","CARINFONET","ALL","2003","150.36"
"","CARINFONET","ALL","2004","108.85"
"","CARINFONET","ALL","2005","111.94"
"","CARINFONET","ALL","2006","111.69"
"","CARINFONET","ALL","2007","104.44"
"","CARINFONET","ALL","2008","94.52"
"","CARINFONET","ALL","2009","99.25"
"","CARINFONET","ALL","2010","89.29"
"","CARINFONET","ALL","2011","87.46"
"","CARINFONET","ALL","2012","74.31"
"","CARINFONET","ALL","2013","83.6"
"","CARINFONET","ALL","2014","72.9"
"","CARINFONET","ALL","2015","67.56"
"","CARINFONET","ALL","2016","63.62"
"","CARINFONET","ALL","2017","61.99"
"","CARINFONET","ALL","2018","60.68"
"","CARINFONET","ALL","2019","58.93"
"","CARINFONET","ALL","2020","44.11"
"CHE","","ALL","1980","18.36"
"CHE","","ALL","1981","18.78"
"CHE","","ALL","1982","18.26"
"CHE","","ALL","1983","17.09"
"CHE","","ALL","1984","14.69"
"CHE","","ALL","1985","14.85"
"CHE","","ALL","1986","13.55"
"CHE","","ALL","1987","15.55"
"CHE","","ALL","1988","18.22"
"CHE","","ALL","1989","16.61"
"CHE","","ALL","1990","19.04"
"CHE","","ALL","1991","16.68"
"CHE","","ALL","1992","14.36"
"CHE","","ALL","1993","13.4"
"CHE","","ALL","1994","13.21"
"CHE","","ALL","1995","11.79"
"CHE","","ALL","1996","10.82"
"CHE","","ALL","1997","10.54"
"CHE","","ALL","1998","10.55"
"CHE","","ALL","1999","10.13"
"CHE","","ALL","2000","8.03"
"CHE","","ALL","2001","7.6"
"CHE","","ALL","2002","8.15"
"CHE","","ALL","2003","7.79"
"CHE","","ALL","2004","7.46"
"CHE","","ALL","2005","6.91"
"CHE","","ALL","2006","6.32"
"CHE","","ALL","2007","5.56"
"CHE","","ALL","2008","6.05"
"CHE","","ALL","2009","6.5"
"CHE","","ALL","2010","6.49"
"CHE","","ALL","2011","6.62"
"CHE","","ALL","2012","5.2"
"CHE","","ALL","2013","5.76"
"CHE","","ALL","2014","5.15"
"CHE","","ALL","2015","6.4"
"CHE","","ALL","2016","6.84"
"CHE","","ALL","2017","6.31"
"CHE","","ALL","2018","5.64"
"CHE","","ALL","2019","4.8"
"CHE","","ALL","2020","4.19"
"","CIS","ALL","1980","56.51"
"","CIS","ALL","1981","55.8"
"","CIS","ALL","1982","53.88"
"","CIS","ALL","1983","53.18"
"","CIS","ALL","1984","52.8"
"","CIS","ALL","1985","48.61"
"","CIS","ALL","1986","50.85"
"","CIS","ALL","1987","49.59"
"","CIS","ALL","1988","47.47"
"","CIS","ALL","1989","45.26"
"","CIS","ALL","1990","37.31"
"","CIS","ALL","1991","37.37"
"","CIS","ALL","1992","37.8"
"","CIS","ALL","1993","43.2"
"","CIS","ALL","1994","48.08"
"","CIS","ALL","1995","52.39"
"","CIS","ALL","1996","65.11"
"","CIS","ALL","1997","73.39"
"","CIS","ALL","1998","72.94"
"","CIS","ALL","1999","86.24"
"","CIS","ALL","2000","89.32"
"","CIS","ALL","2001","88.65"
"","CIS","ALL","2002","90.71"
"","CIS","ALL","2003","114.52"
"","CIS","ALL","2004","95"
"","CIS","ALL","2005","92"
"","CIS","ALL","2006","91.25"
"","CIS","ALL","2007","89.52"
"","CIS","ALL","2008","88.42"
"","CIS","ALL","2009","91.2"
"","CIS","ALL","2010","84.36"
"","CIS","ALL","2011","80.04"
"","CIS","ALL","2012","75.94"
"","CIS","ALL","2013","76.55"
"","CIS","ALL","2014","70.39"
"","CIS","ALL","2015","67.14"
"","CIS","ALL","2016","63.01"
"","CIS","ALL","2017","58.24"
"","CIS","ALL","2018","55.17"
"","CIS","ALL","2019","52.42"
"","CIS","ALL","2020","39.94"
"CYP","","ALL","1980","13.57"
"CYP","","ALL","1981","13.4"
"CYP","","ALL","1982","16.51"
"CYP","","ALL","1983","13.84"
"CYP","","ALL","1984","7.29"
"CYP","","ALL","1985","11.27"
"CYP","","ALL","1986","8.77"
"CYP","","ALL","1987","6.32"
"CYP","","ALL","1988","6.97"
"CYP","","ALL","1989","4.05"
"CYP","","ALL","1990","5.01"
"CYP","","ALL","1991","7.23"
"CYP","","ALL","1992","6.39"
"CYP","","ALL","1993","5.91"
"CYP","","ALL","1994","5.79"
"CYP","","ALL","1995","5.53"
"CYP","","ALL","1996","3.63"
"CYP","","ALL","1997","7.01"
"CYP","","ALL","1998","6.63"
"CYP","","ALL","1999","5.68"
"CYP","","ALL","2000","4.76"
"CYP","","ALL","2001","5.7"
"CYP","","ALL","2002","2.82"
"CYP","","ALL","2003","4.85"
"CYP","","ALL","2004","4.1"
"CYP","","ALL","2005","4.58"
"CYP","","ALL","2006","4.77"
"CYP","","ALL","2007","5.31"
"CYP","","ALL","2008","6.07"
"CYP","","ALL","2009","6.27"
"CYP","","ALL","2010","7.31"
"CYP","","ALL","2011","6.01"
"CYP","","ALL","2012","7.29"
"CYP","","ALL","2013","4.76"
"CYP","","ALL","2014","4.57"
"CYP","","ALL","2015","7.38"
"CYP","","ALL","2016","6.76"
"CYP","","ALL","2017","6.05"
"CYP","","ALL","2018","5.86"
"CYP","","ALL","2019","7.58"
"CYP","","ALL","2020","3.86"
"CZE","","ALL","1980","48.05"
"CZE","","ALL","1981","41.85"
"CZE","","ALL","1982","40.2"
"CZE","","ALL","1983","38.9"
"CZE","","ALL","1984","35.36"
"CZE","","ALL","1985","30.14"
"CZE","","ALL","1986","24.68"
"CZE","","ALL","1987","21.22"
"CZE","","ALL","1988","19.77"
"CZE","","ALL","1989","18.38"
"CZE","","ALL","1990","18.69"
"CZE","","ALL","1991","20.17"
"CZE","","ALL","1992","19.25"
"CZE","","ALL","1993","18.04"
"CZE","","ALL","1994","18.96"
"CZE","","ALL","1995","17.75"
"CZE","","ALL","1996","19.09"
"CZE","","ALL","1997","17.8"
"CZE","","ALL","1998","17.53"
"CZE","","ALL","1999","15.61"
"CZE","","ALL","2000","13.76"
"CZE","","ALL","2001","12.63"
"CZE","","ALL","2002","11.33"
"CZE","","ALL","2003","11.06"
"CZE","","ALL","2004","10.06"
"CZE","","ALL","2005","9.51"
"CZE","","ALL","2006","9.17"
"CZE","","ALL","2007","7.65"
"CZE","","ALL","2008","7.74"
"CZE","","ALL","2009","6.02"
"CZE","","ALL","2010","5.89"
"CZE","","ALL","2011","5.41"
"CZE","","ALL","2012","5.38"
"CZE","","ALL","2013","4.48"
"CZE","","ALL","2014","4.5"
"CZE","","ALL","2015","4.82"
"CZE","","ALL","2016","4.84"
"CZE","","ALL","2017","4.71"
"CZE","","ALL","2018","4.09"
"CZE","","ALL","2019","4.31"
"CZE","","ALL","2020","3.37"
"DEU","","ALL","1990","18.46"
"DEU","","ALL","1991","16.85"
"DEU","","ALL","1992","17.51"
"DEU","","ALL","1993","17.44"
"DEU","","ALL","1994","15.94"
"DEU","","ALL","1995","14.94"
"DEU","","ALL","1996","14.43"
"DEU","","ALL","1997","13.6"
"DEU","","ALL","1998","12.73"
"DEU","","ALL","1999","12.15"
"DEU","","ALL","2000","11.03"
"DEU","","ALL","2001","8.45"
"DEU","","ALL","2002","8.4"
"DEU","","ALL","2003","8.51"
"DEU","","ALL","2004","7.51"
"DEU","","ALL","2005","6.91"
"DEU","","ALL","2006","6.24"
"DEU","","ALL","2007","5.66"
"DEU","","ALL","2008","5.04"
"DEU","","ALL","2009","5.09"
"DEU","","ALL","2010","4.96"
"DEU","","ALL","2011","4.97"
"DEU","","ALL","2012","4.92"
"DEU","","ALL","2013","5.2"
"DEU","","ALL","2014","5.37"
"DEU","","ALL","2015","7.03"
"DEU","","ALL","2016","7.11"
"DEU","","ALL","2017","6.64"
"DEU","","ALL","2018","6.54"
"DEU","","ALL","2019","5.75"
"DEU","","ALL","2020","4.98"
"DNK","","ALL","1980","8.39"
"DNK","","ALL","1981","7.69"
"DNK","","ALL","1982","7.39"
"DNK","","ALL","1983","6.8"
"DNK","","ALL","1984","5.91"
"DNK","","ALL","1985","6.1"
"DNK","","ALL","1986","5.84"
"DNK","","ALL","1987","6.28"
"DNK","","ALL","1988","5.93"
"DNK","","ALL","1989","6.39"
"DNK","","ALL","1990","6.81"
"DNK","","ALL","1991","6.48"
"DNK","","ALL","1992","6.94"
"DNK","","ALL","1993","7.92"
"DNK","","ALL","1994","9.51"
"DNK","","ALL","1995","8.57"
"DNK","","ALL","1996","9.2"
"DNK","","ALL","1997","10.48"
"DNK","","ALL","1998","9.98"
"DNK","","ALL","1999","11.04"
"DNK","","ALL","2000","11"
"DNK","","ALL","2001","9.22"
"DNK","","ALL","2002","7.5"
"DNK","","ALL","2003","7.26"
"DNK","","ALL","2004","6.59"
"DNK","","ALL","2005","7.29"
"DNK","","ALL","2006","6.29"
"DNK","","ALL","2007","6.5"
"DNK","","ALL","2008","6.01"
"DNK","","ALL","2009","5.29"
"DNK","","ALL","2010","5.97"
"DNK","","ALL","2011","6.45"
"DNK","","ALL","2012","6.12"
"DNK","","ALL","2013","5.88"
"DNK","","ALL","2014","5.19"
"DNK","","ALL","2015","5.64"
"DNK","","ALL","2016","5.1"
"DNK","","ALL","2017","4.39"
"DNK","","ALL","2018","4.66"
"DNK","","ALL","2019","4.47"
"DNK","","ALL","2020","3.55"
"ESP","","ALL","1980","12.93"
"ESP","","ALL","1981","14.71"
"ESP","","ALL","1982","20.97"
"ESP","","ALL","1983","23.54"
"ESP","","ALL","1984","26.28"
"ESP","","ALL","1985","27.92"
"ESP","","ALL","1986","35.63"
"ESP","","ALL","1987","24.45"
"ESP","","ALL","1988","21.89"
"ESP","","ALL","1989","20.72"
"ESP","","ALL","1990","19.51"
"ESP","","ALL","1991","23.08"
"ESP","","ALL","1992","24.88"
"ESP","","ALL","1993","24.15"
"ESP","","ALL","1995","22.35"
"ESP","","ALL","1996","21.21"
"ESP","","ALL","1997","23.77"
"ESP","","ALL","1998","22.67"
"ESP","","ALL","1999","21.18"
"ESP","","ALL","2000","19.9"
"ESP","","ALL","2001","16.87"
"ESP","","ALL","2002","17.63"
"ESP","","ALL","2003","23.54"
"ESP","","ALL","2004","14.09"
"ESP","","ALL","2005","16.78"
"ESP","","ALL","2006","17.73"
"ESP","","ALL","2007","16.37"
"ESP","","ALL","2008","17"
"ESP","","ALL","2009","15.66"
"ESP","","ALL","2010","14.95"
"ESP","","ALL","2011","13.9"
"ESP","","ALL","2012","12.14"
"ESP","","ALL","2013","11.25"
"ESP","","ALL","2014","10.42"
"ESP","","ALL","2015","8.67"
"ESP","","ALL","2016","10.19"
"ESP","","ALL","2017","9.41"
"ESP","","ALL","2018","9.63"
"ESP","","ALL","2019","8.64"
"ESP","","ALL","2020","6.23"
"EST","","ALL","1980","41.56"
"EST","","ALL","1981","37.64"
"EST","","ALL","1982","37.57"
"EST","","ALL","1983","38.91"
"EST","","ALL","1984","35.95"
"EST","","ALL","1985","35.39"
"EST","","ALL","1986","33.89"
"EST","","ALL","1987","28.73"
"EST","","ALL","1988","30.16"
"EST","","ALL","1989","26.91"
"EST","","ALL","1990","26.96"
"EST","","ALL","1991","26"
"EST","","ALL","1992","26.29"
"EST","","ALL","1993","35.61"
"EST","","ALL","1994","42.6"
"EST","","ALL","1995","43.43"
"EST","","ALL","1996","48.25"
"EST","","ALL","1997","53.16"
"EST","","ALL","1998","59.16"
"EST","","ALL","1999","54.81"
"EST","","ALL","2000","56.62"
"EST","","ALL","2001","51"
"EST","","ALL","2002","44.95"
"EST","","ALL","2003","42.53"
"EST","","ALL","2004","39.41"
"EST","","ALL","2005","35.36"
"EST","","ALL","2006","31.33"
"EST","","ALL","2007","34.01"
"EST","","ALL","2008","29.99"
"EST","","ALL","2009","26.83"
"EST","","ALL","2010","21.48"
"EST","","ALL","2011","22.15"
"EST","","ALL","2012","19.58"
"EST","","ALL","2013","19.95"
"EST","","ALL","2014","17.93"
"EST","","ALL","2015","15.69"
"EST","","ALL","2016","14.36"
"EST","","ALL","2017","12.98"
"EST","","ALL","2018","10.97"
"EST","","ALL","2019","11.12"
"EST","","ALL","2020","9.04"
"","EU_AFTER_MAY2004","ALL","1980","59.7"
"","EU_AFTER_MAY2004","ALL","1981","56.5"
"","EU_AFTER_MAY2004","ALL","1982","55.08"
"","EU_AFTER_MAY2004","ALL","1983","54.02"
"","EU_AFTER_MAY2004","ALL","1984","51.24"
"","EU_AFTER_MAY2004","ALL","1985","49.58"
"","EU_AFTER_MAY2004","ALL","1986","47.18"
"","EU_AFTER_MAY2004","ALL","1987","45.47"
"","EU_AFTER_MAY2004","ALL","1988","44.17"
"","EU_AFTER_MAY2004","ALL","1989","41.69"
"","EU_AFTER_MAY2004","ALL","1990","42.65"
"","EU_AFTER_MAY2004","ALL","1991","42.54"
"","EU_AFTER_MAY2004","ALL","1992","46.08"
"","EU_AFTER_MAY2004","ALL","1993","49.17"
"","EU_AFTER_MAY2004","ALL","1994","52.13"
"","EU_AFTER_MAY2004","ALL","1995","51.7"
"","EU_AFTER_MAY2004","ALL","1996","52.79"
"","EU_AFTER_MAY2004","ALL","1997","51.54"
"","EU_AFTER_MAY2004","ALL","1998","53.42"
"","EU_AFTER_MAY2004","ALL","1999","50.61"
"","EU_AFTER_MAY2004","ALL","2000","49.99"
"","EU_AFTER_MAY2004","ALL","2001","50.32"
"","EU_AFTER_MAY2004","ALL","2002","50.48"
"","EU_AFTER_MAY2004","ALL","2003","50.41"
"","EU_AFTER_MAY2004","ALL","2004","46.2"
"","EU_AFTER_MAY2004","ALL","2005","43.07"
"","EU_AFTER_MAY2004","ALL","2006","41.01"
"","EU_AFTER_MAY2004","ALL","2007","38.67"
"","EU_AFTER_MAY2004","ALL","2008","36.96"
"","EU_AFTER_MAY2004","ALL","2009","35.02"
"","EU_AFTER_MAY2004","ALL","2010","32.14"
"","EU_AFTER_MAY2004","ALL","2011","31.05"
"","EU_AFTER_MAY2004","ALL","2012","29.04"
"","EU_AFTER_MAY2004","ALL","2013","27.81"
"","EU_AFTER_MAY2004","ALL","2014","26.62"
"","EU_AFTER_MAY2004","ALL","2015","25.57"
"","EU_AFTER_MAY2004","ALL","2016","23.8"
"","EU_AFTER_MAY2004","ALL","2017","21.64"
"","EU_AFTER_MAY2004","ALL","2018","20.25"
"","EU_AFTER_MAY2004","ALL","2019","19.43"
"","EU_AFTER_MAY2004","ALL","2020","12.99"
"","EU_BEFORE_MAY2004","ALL","1980","20.78"
"","EU_BEFORE_MAY2004","ALL","1981","20.92"
"","EU_BEFORE_MAY2004","ALL","1982","20.45"
"","EU_BEFORE_MAY2004","ALL","1983","19.47"
"","EU_BEFORE_MAY2004","ALL","1984","18.18"
"","EU_BEFORE_MAY2004","ALL","1985","17.83"
"","EU_BEFORE_MAY2004","ALL","1986","18.17"
"","EU_BEFORE_MAY2004","ALL","1987","16.27"
"","EU_BEFORE_MAY2004","ALL","1988","15.37"
"","EU_BEFORE_MAY2004","ALL","1989","15.5"
"","EU_BEFORE_MAY2004","ALL","1990","15.15"
"","EU_BEFORE_MAY2004","ALL","1991","14.76"
"","EU_BEFORE_MAY2004","ALL","1992","15.46"
"","EU_BEFORE_MAY2004","ALL","1993","15.52"
"","EU_BEFORE_MAY2004","ALL","1994","15.26"
"","EU_BEFORE_MAY2004","ALL","1995","14.72"
"","EU_BEFORE_MAY2004","ALL","1996","13.65"
"","EU_BEFORE_MAY2004","ALL","1997","13.49"
"","EU_BEFORE_MAY2004","ALL","1998","13.26"
"","EU_BEFORE_MAY2004","ALL","1999","12.36"
"","EU_BEFORE_MAY2004","ALL","2000","11.57"
"","EU_BEFORE_MAY2004","ALL","2001","10.67"
"","EU_BEFORE_MAY2004","ALL","2002","10.78"
"","EU_BEFORE_MAY2004","ALL","2003","11.51"
"","EU_BEFORE_MAY2004","ALL","2004","9.77"
"","EU_BEFORE_MAY2004","ALL","2005","10.07"
"","EU_BEFORE_MAY2004","ALL","2006","9.94"
"","EU_BEFORE_MAY2004","ALL","2007","9.21"
"","EU_BEFORE_MAY2004","ALL","2008","9.5"
"","EU_BEFORE_MAY2004","ALL","2009","9.15"
"","EU_BEFORE_MAY2004","ALL","2010","8.96"
"","EU_BEFORE_MAY2004","ALL","2011","8.62"
"","EU_BEFORE_MAY2004","ALL","2012","8.23"
"","EU_BEFORE_MAY2004","ALL","2013","7.85"
"","EU_BEFORE_MAY2004","ALL","2014","7.5"
"","EU_BEFORE_MAY2004","ALL","2015","7.5"
"","EU_BEFORE_MAY2004","ALL","2016","7.7"
"","EU_BEFORE_MAY2004","ALL","2017","7.29"
"","EU_BEFORE_MAY2004","ALL","2018","7.14"
"","EU_BEFORE_MAY2004","ALL","2019","6.69"
"","EU_BEFORE_MAY2004","ALL","2020","5.48"
"","EU_MEMBERS","ALL","1980","31.32"
"","EU_MEMBERS","ALL","1981","30.91"
"","EU_MEMBERS","ALL","1982","30.36"
"","EU_MEMBERS","ALL","1983","29.39"
"","EU_MEMBERS","ALL","1984","27.73"
"","EU_MEMBERS","ALL","1985","27.1"
"","EU_MEMBERS","ALL","1986","26.73"
"","EU_MEMBERS","ALL","1987","24.9"
"","EU_MEMBERS","ALL","1988","23.77"
"","EU_MEMBERS","ALL","1989","23.17"
"","EU_MEMBERS","ALL","1990","23.14"
"","EU_MEMBERS","ALL","1991","22.72"
"","EU_MEMBERS","ALL","1992","24.14"
"","EU_MEMBERS","ALL","1993","24.96"
"","EU_MEMBERS","ALL","1994","25.56"
"","EU_MEMBERS","ALL","1995","24.95"
"","EU_MEMBERS","ALL","1996","24.24"
"","EU_MEMBERS","ALL","1997","23.73"
"","EU_MEMBERS","ALL","1998","24.03"
"","EU_MEMBERS","ALL","1999","22.5"
"","EU_MEMBERS","ALL","2000","21.56"
"","EU_MEMBERS","ALL","2001","20.85"
"","EU_MEMBERS","ALL","2002","20.69"
"","EU_MEMBERS","ALL","2003","21.21"
"","EU_MEMBERS","ALL","2004","18.59"
"","EU_MEMBERS","ALL","2005","17.78"
"","EU_MEMBERS","ALL","2006","17.1"
"","EU_MEMBERS","ALL","2007","15.91"
"","EU_MEMBERS","ALL","2008","15.67"
"","EU_MEMBERS","ALL","2009","14.91"
"","EU_MEMBERS","ALL","2010","14.08"
"","EU_MEMBERS","ALL","2011","13.38"
"","EU_MEMBERS","ALL","2012","12.56"
"","EU_MEMBERS","ALL","2013","12.16"
"","EU_MEMBERS","ALL","2014","11.66"
"","EU_MEMBERS","ALL","2015","11.56"
"","EU_MEMBERS","ALL","2016","11.33"
"","EU_MEMBERS","ALL","2017","10.65"
"","EU_MEMBERS","ALL","2018","10.29"
"","EU_MEMBERS","ALL","2019","9.67"
"","EU_MEMBERS","ALL","2020","7.17"
"","EU_BEFORE_FEB2020","ALL","1980","29.78"
"","EU_BEFORE_FEB2020","ALL","1981","29.16"
"","EU_BEFORE_FEB2020","ALL","1982","28.51"
"","EU_BEFORE_FEB2020","ALL","1983","27.52"
"","EU_BEFORE_FEB2020","ALL","1984","25.9"
"","EU_BEFORE_FEB2020","ALL","1985","25.26"
"","EU_BEFORE_FEB2020","ALL","1986","24.97"
"","EU_BEFORE_FEB2020","ALL","1987","23.13"
"","EU_BEFORE_FEB2020","ALL","1988","22.14"
"","EU_BEFORE_FEB2020","ALL","1989","21.66"
"","EU_BEFORE_FEB2020","ALL","1990","21.6"
"","EU_BEFORE_FEB2020","ALL","1991","21.26"
"","EU_BEFORE_FEB2020","ALL","1992","22.57"
"","EU_BEFORE_FEB2020","ALL","1993","23.31"
"","EU_BEFORE_FEB2020","ALL","1994","23.77"
"","EU_BEFORE_FEB2020","ALL","1995","23.23"
"","EU_BEFORE_FEB2020","ALL","1996","22.61"
"","EU_BEFORE_FEB2020","ALL","1997","22.18"
"","EU_BEFORE_FEB2020","ALL","1998","22.4"
"","EU_BEFORE_FEB2020","ALL","1999","21.05"
"","EU_BEFORE_FEB2020","ALL","2000","20.23"
"","EU_BEFORE_FEB2020","ALL","2001","19.56"
"","EU_BEFORE_FEB2020","ALL","2002","19.59"
"","EU_BEFORE_FEB2020","ALL","2003","20.09"
"","EU_BEFORE_FEB2020","ALL","2004","17.76"
"","EU_BEFORE_FEB2020","ALL","2005","17.27"
"","EU_BEFORE_FEB2020","ALL","2006","16.68"
"","EU_BEFORE_FEB2020","ALL","2007","15.56"
"","EU_BEFORE_FEB2020","ALL","2008","15.39"
"","EU_BEFORE_FEB2020","ALL","2009","14.68"
"","EU_BEFORE_FEB2020","ALL","2010","13.89"
"","EU_BEFORE_FEB2020","ALL","2011","13.38"
"","EU_BEFORE_FEB2020","ALL","2012","12.61"
"","EU_BEFORE_FEB2020","ALL","2013","12.08"
"","EU_BEFORE_FEB2020","ALL","2014","11.48"
"","EU_BEFORE_FEB2020","ALL","2015","11.24"
"","EU_BEFORE_FEB2020","ALL","2016","11.02"
"","EU_BEFORE_FEB2020","ALL","2017","10.3"
"","EU_BEFORE_FEB2020","ALL","2018","9.88"
"","EU_BEFORE_FEB2020","ALL","2019","9.35"
"","EU_BEFORE_FEB2020","ALL","2020","7.05"
"FIN","","ALL","1980","47.01"
"FIN","","ALL","1981","45.92"
"FIN","","ALL","1982","44.96"
"FIN","","ALL","1983","38.76"
"FIN","","ALL","1984","36.69"
"FIN","","ALL","1985","37.11"
"FIN","","ALL","1986","31.43"
"FIN","","ALL","1987","28.77"
"FIN","","ALL","1988","21.79"
"FIN","","ALL","1989","19.54"
"FIN","","ALL","1990","15.48"
"FIN","","ALL","1991","15.38"
"FIN","","ALL","1992","13.88"
"FIN","","ALL","1993","10.7"
"FIN","","ALL","1994","10.87"
"FIN","","ALL","1995","12.94"
"FIN","","ALL","1996","12.59"
"FIN","","ALL","1997","11.15"
"FIN","","ALL","1998","12.21"
"FIN","","ALL","1999","10.94"
"FIN","","ALL","2000","10.18"
"FIN","","ALL","2001","8.87"
"FIN","","ALL","2002","8.63"
"FIN","","ALL","2003","7.58"
"FIN","","ALL","2004","6.1"
"FIN","","ALL","2005","6.46"
"FIN","","ALL","2006","5.32"
"FIN","","ALL","2007","5.67"
"FIN","","ALL","2008","6.23"
"FIN","","ALL","2009","7.53"
"FIN","","ALL","2010","5.74"
"FIN","","ALL","2011","5.86"
"FIN","","ALL","2012","4.82"
"FIN","","ALL","2013","4.89"
"FIN","","ALL","2014","4.6"
"FIN","","ALL","2015","4.85"
"FIN","","ALL","2016","4.07"
"FIN","","ALL","2017","4.24"
"FIN","","ALL","2018","4.15"
"FIN","","ALL","2019","4.06"
"FIN","","ALL","2020","3.15"
"FRA","","ALL","1980","32.02"
"FRA","","ALL","1981","30.5"
"FRA","","ALL","1982","28.31"
"FRA","","ALL","1983","25.27"
"FRA","","ALL","1984","22.39"
"FRA","","ALL","1985","20.46"
"FRA","","ALL","1986","19.02"
"FRA","","ALL","1987","18.41"
"FRA","","ALL","1988","16.45"
"FRA","","ALL","1989","16.07"
"FRA","","ALL","1990","15.92"
"FRA","","ALL","1991","14.92"
"FRA","","ALL","1992","15"
"FRA","","ALL","1993","16.57"
"FRA","","ALL","1994","15.7"
"FRA","","ALL","1995","15"
"FRA","","ALL","1996","13.12"
"FRA","","ALL","1997","11.66"
"FRA","","ALL","1998","10.16"
"FRA","","ALL","1999","10.32"
"FRA","","ALL","2000","10.39"
"FRA","","ALL","2001","9.82"
"FRA","","ALL","2002","9.57"
"FRA","","ALL","2003","10.02"
"FRA","","ALL","2004","8.45"
"FRA","","ALL","2005","8.2"
"FRA","","ALL","2006","8.1"
"FRA","","ALL","2007","8.8"
"FRA","","ALL","2008","8.72"
"FRA","","ALL","2009","7.87"
"FRA","","ALL","2010","7.63"
"FRA","","ALL","2011","7.47"
"FRA","","ALL","2012","7.41"
"FRA","","ALL","2013","7.38"
"FRA","","ALL","2014","7.07"
"FRA","","ALL","2015","6.98"
"FRA","","ALL","2016","7.23"
"FRA","","ALL","2017","7.48"
"FRA","","ALL","2018","7.39"
"FRA","","ALL","2019","7.53"
"FRA","","ALL","2020","6.8"
"GBR","","ALL","1980","18.62"
"GBR","","ALL","1981","16.48"
"GBR","","ALL","1982","14.99"
"GBR","","ALL","1983","13.88"
"GBR","","ALL","1984","12.46"
"GBR","","ALL","1985","11.79"
"GBR","","ALL","1986","12.07"
"GBR","","ALL","1987","10.09"
"GBR","","ALL","1988","10.18"
"GBR","","ALL","1989","10.62"
"GBR","","ALL","1990","10.32"
"GBR","","ALL","1991","10.6"
"GBR","","ALL","1992","11.13"
"GBR","","ALL","1993","11.23"
"GBR","","ALL","1994","10.71"
"GBR","","ALL","1995","10.64"
"GBR","","ALL","1996","10.72"
"GBR","","ALL","1997","10.9"
"GBR","","ALL","1998","10.56"
"GBR","","ALL","1999","10.54"
"GBR","","ALL","2000","10.56"
"GBR","","ALL","2001","10.21"
"GBR","","ALL","2002","11.61"
"GBR","","ALL","2003","11.97"
"GBR","","ALL","2004","11.76"
"GBR","","ALL","2005","13.57"
"GBR","","ALL","2006","13.63"
"GBR","","ALL","2007","13.09"
"GBR","","ALL","2008","13.43"
"GBR","","ALL","2009","13.11"
"GBR","","ALL","2010","12.56"
"GBR","","ALL","2011","13.38"
"GBR","","ALL","2012","12.98"
"GBR","","ALL","2013","11.52"
"GBR","","ALL","2014","10.29"
"GBR","","ALL","2015","9.05"
"GBR","","ALL","2016","8.9"
"GBR","","ALL","2017","7.95"
"GBR","","ALL","2018","7.19"
"GBR","","ALL","2019","7.23"
"GBR","","ALL","2020","6.27"
"GEO","","ALL","1980","41.61"
"GEO","","ALL","1981","41.76"
"GEO","","ALL","1982","42.3"
"GEO","","ALL","1983","36.25"
"GEO","","ALL","1984","35.61"
"GEO","","ALL","1985","34.69"
"GEO","","ALL","1986","34.62"
"GEO","","ALL","1987","33.92"
"GEO","","ALL","1988","29.72"
"GEO","","ALL","1989","29.73"
"GEO","","ALL","1990","28.26"
"GEO","","ALL","1992","39.4"
"GEO","","ALL","1993","72.81"
"GEO","","ALL","1995","34.32"
"GEO","","ALL","1996","76.29"
"GEO","","ALL","1997","186.38"
"GEO","","ALL","1998","140.44"
"GEO","","ALL","1999","107.65"
"GEO","","ALL","2000","99.52"
"GEO","","ALL","2001","91.33"
"GEO","","ALL","2002","103.05"
"GEO","","ALL","2003","124.37"
"GEO","","ALL","2004","92.88"
"GEO","","ALL","2005","103.25"
"GEO","","ALL","2006","103.57"
"GEO","","ALL","2007","98.26"
"GEO","","ALL","2008","100.9"
"GEO","","ALL","2009","128.93"
"GEO","","ALL","2010","104.67"
"GEO","","ALL","2011","101.42"
"GEO","","ALL","2012","87.74"
"GEO","","ALL","2013","76.53"
"GEO","","ALL","2014","79.31"
"GEO","","ALL","2015","84.57"
"GEO","","ALL","2016","80.04"
"GEO","","ALL","2017","69.66"
"GEO","","ALL","2018","62.15"
"GEO","","ALL","2019","58.31"
"GEO","","ALL","2020","44.89"
"GRC","","ALL","1980","56.13"
"GRC","","ALL","1981","75.38"
"GRC","","ALL","1982","53.05"
"GRC","","ALL","1983","39.4"
"GRC","","ALL","1984","19.77"
"GRC","","ALL","1985","15.66"
"GRC","","ALL","1986","15.72"
"GRC","","ALL","1987","11.93"
"GRC","","ALL","1988","9.04"
"GRC","","ALL","1989","10.59"
"GRC","","ALL","1990","8.63"
"GRC","","ALL","1991","7.43"
"GRC","","ALL","1992","8.87"
"GRC","","ALL","1995","8.83"
"GRC","","ALL","1996","8.82"
"GRC","","ALL","1997","7.12"
"GRC","","ALL","1998","10.63"
"GRC","","ALL","1999","8.6"
"GRC","","ALL","2000","6.44"
"GRC","","ALL","2001","4.59"
"GRC","","ALL","2002","5.19"
"GRC","","ALL","2003","5.39"
"GRC","","ALL","2004","6.64"
"GRC","","ALL","2005","6.24"
"GRC","","ALL","2006","5.54"
"GRC","","ALL","2007","5.49"
"GRC","","ALL","2008","5.21"
"GRC","","ALL","2009","4.8"
"GRC","","ALL","2010","3.92"
"GRC","","ALL","2011","4.02"
"GRC","","ALL","2012","4.67"
"GRC","","ALL","2013","4.47"
"GRC","","ALL","2014","4.4"
"GRC","","ALL","2015","4"
"GRC","","ALL","2016","3.73"
"GRC","","ALL","2017","4.04"
"GRC","","ALL","2018","3.78"
"GRC","","ALL","2019","4.04"
"GRC","","ALL","2020","3.54"
"HRV","","ALL","1980","87.23"
"HRV","","ALL","1981","87.39"
"HRV","","ALL","1982","80.53"
"HRV","","ALL","1983","78.4"
"HRV","","ALL","1984","77.72"
"HRV","","ALL","1985","76.67"
"HRV","","ALL","1986","71.05"
"HRV","","ALL","1987","70.17"
"HRV","","ALL","1988","62.5"
"HRV","","ALL","1989","60.02"
"HRV","","ALL","1990","53.91"
"HRV","","ALL","1991","45.09"
"HRV","","ALL","1992","45.77"
"HRV","","ALL","1993","47.69"
"HRV","","ALL","1994","46.41"
"HRV","","ALL","1995","44.26"
"HRV","","ALL","1996","48.38"
"HRV","","ALL","1997","44.92"
"HRV","","ALL","1998","47.05"
"HRV","","ALL","1999","38.76"
"HRV","","ALL","2000","37.2"
"HRV","","ALL","2001","31.01"
"HRV","","ALL","2002","32.48"
"HRV","","ALL","2003","31.32"
"HRV","","ALL","2004","26.35"
"HRV","","ALL","2005","23.64"
"HRV","","ALL","2006","23.18"
"HRV","","ALL","2007","21.44"
"HRV","","ALL","2008","22.1"
"HRV","","ALL","2009","18.78"
"HRV","","ALL","2010","15.57"
"HRV","","ALL","2011","14.06"
"HRV","","ALL","2012","12.63"
"HRV","","ALL","2013","12.01"
"HRV","","ALL","2014","11.65"
"HRV","","ALL","2015","11.41"
"HRV","","ALL","2016","10.63"
"HRV","","ALL","2017","8.83"
"HRV","","ALL","2018","8.83"
"HRV","","ALL","2019","7.2"
"HRV","","ALL","2020","4.35"
"HUN","","ALL","1980","50.53"
"HUN","","ALL","1981","49.68"
"HUN","","ALL","1982","48.4"
"HUN","","ALL","1983","47.04"
"HUN","","ALL","1984","41.92"
"HUN","","ALL","1985","45.56"
"HUN","","ALL","1986","42.54"
"HUN","","ALL","1987","38.87"
"HUN","","ALL","1988","37.9"
"HUN","","ALL","1989","35.63"
"HUN","","ALL","1990","34.59"
"HUN","","ALL","1991","35.26"
"HUN","","ALL","1992","38.19"
"HUN","","ALL","1993","40.64"
"HUN","","ALL","1994","40.25"
"HUN","","ALL","1995","42.01"
"HUN","","ALL","1996","42.7"
"HUN","","ALL","1997","41.2"
"HUN","","ALL","1998","38.95"
"HUN","","ALL","1999","34.5"
"HUN","","ALL","2000","30.1"
"HUN","","ALL","2001","28.69"
"HUN","","ALL","2002","26.78"
"HUN","","ALL","2003","26.85"
"HUN","","ALL","2004","22.27"
"HUN","","ALL","2005","17.92"
"HUN","","ALL","2006","16.75"
"HUN","","ALL","2007","15.31"
"HUN","","ALL","2008","14.23"
"HUN","","ALL","2009","12.69"
"HUN","","ALL","2010","15.28"
"HUN","","ALL","2011","12.83"
"HUN","","ALL","2012","11.68"
"HUN","","ALL","2013","10.51"
"HUN","","ALL","2014","8.08"
"HUN","","ALL","2015","8.71"
"HUN","","ALL","2016","7.5"
"HUN","","ALL","2017","6.64"
"HUN","","ALL","2018","6.16"
"HUN","","ALL","2019","5.4"
"HUN","","ALL","2020","3.93"
"IRL","","ALL","1980","33.87"
"IRL","","ALL","1981","29.56"
"IRL","","ALL","1982","27.99"
"IRL","","ALL","1983","26.34"
"IRL","","ALL","1984","23.72"
"IRL","","ALL","1985","22.71"
"IRL","","ALL","1986","17"
"IRL","","ALL","1987","16.4"
"IRL","","ALL","1988","15.09"
"IRL","","ALL","1989","19.12"
"IRL","","ALL","1990","17.81"
"IRL","","ALL","1991","18.15"
"IRL","","ALL","1992","17"
"IRL","","ALL","1993","16.74"
"IRL","","ALL","1994","15.17"
"IRL","","ALL","1995","12.72"
"IRL","","ALL","1996","11.97"
"IRL","","ALL","1997","11.35"
"IRL","","ALL","1998","11.45"
"IRL","","ALL","1999","12.16"
"IRL","","ALL","2000","10.19"
"IRL","","ALL","2001","10.22"
"IRL","","ALL","2002","9.57"
"IRL","","ALL","2003","10.25"
"IRL","","ALL","2004","10.09"
"IRL","","ALL","2005","10.24"
"IRL","","ALL","2006","10.4"
"IRL","","ALL","2007","10.03"
"IRL","","ALL","2008","9.72"
"IRL","","ALL","2009","9.58"
"IRL","","ALL","2010","8.68"
"IRL","","ALL","2011","8.48"
"IRL","","ALL","2012","7.44"
"IRL","","ALL","2013","7.75"
"IRL","","ALL","2014","6.35"
"IRL","","ALL","2015","6.36"
"IRL","","ALL","2016","6.22"
"IRL","","ALL","2017","6.28"
"IRL","","ALL","2018","6.05"
"IRL","","ALL","2019","5.02"
"IRL","","ALL","2020","4.6"
"ISL","","ALL","1980","10.96"
"ISL","","ALL","1981","9.97"
"ISL","","ALL","1982","10.68"
"ISL","","ALL","1983","10.12"
"ISL","","ALL","1984","10.86"
"ISL","","ALL","1985","5.39"
"ISL","","ALL","1986","5.35"
"ISL","","ALL","1987","4.88"
"ISL","","ALL","1988","6.4"
"ISL","","ALL","1989","7.12"
"ISL","","ALL","1990","7.06"
"ISL","","ALL","1991","5.81"
"ISL","","ALL","1992","6.13"
"ISL","","ALL","1993","4.17"
"ISL","","ALL","1994","6.77"
"ISL","","ALL","1995","4.49"
"ISL","","ALL","1996","4.09"
"ISL","","ALL","1997","3.69"
"ISL","","ALL","1998","6.21"
"ISL","","ALL","1999","3.61"
"ISL","","ALL","2000","4.62"
"ISL","","ALL","2001","4.21"
"ISL","","ALL","2002","2.78"
"ISL","","ALL","2003","1.73"
"ISL","","ALL","2004","3.76"
"ISL","","ALL","2005","3.38"
"ISL","","ALL","2006","4.27"
"ISL","","ALL","2007","3.85"
"ISL","","ALL","2008","1.88"
"ISL","","ALL","2009","2.82"
"ISL","","ALL","2010","6.92"
"ISL","","ALL","2011","2.51"
"ISL","","ALL","2012","3.12"
"ISL","","ALL","2013","3.4"
"ISL","","ALL","2014","2.44"
"ISL","","ALL","2015","2.12"
"ISL","","ALL","2016","1.81"
"ISL","","ALL","2017","3.79"
"ISL","","ALL","2018","2.27"
"ISL","","ALL","2019","3.61"
"ISL","","ALL","2020","3.27"
"ISR","","ALL","1980","6.42"
"ISR","","ALL","1981","5.75"
"ISR","","ALL","1982","5.76"
"ISR","","ALL","1983","5.5"
"ISR","","ALL","1984","6.18"
"ISR","","ALL","1985","8.69"
"ISR","","ALL","1986","5.56"
"ISR","","ALL","1987","4.21"
"ISR","","ALL","1988","5.09"
"ISR","","ALL","1989","3.54"
"ISR","","ALL","1990","5.02"
"ISR","","ALL","1991","10.21"
"ISR","","ALL","1992","6.73"
"ISR","","ALL","1993","7.96"
"ISR","","ALL","1994","7.32"
"ISR","","ALL","1995","7.18"
"ISR","","ALL","1996","6.49"
"ISR","","ALL","1997","7.24"
"ISR","","ALL","1998","10.99"
"ISR","","ALL","1999","8.52"
"ISR","","ALL","2000","8.54"
"ISR","","ALL","2001","7.95"
"ISR","","ALL","2002","7.09"
"ISR","","ALL","2003","7.06"
"ISR","","ALL","2004","6.7"
"ISR","","ALL","2005","5.35"
"ISR","","ALL","2006","4.82"
"ISR","","ALL","2007","5.52"
"ISR","","ALL","2008","4.41"
"ISR","","ALL","2009","4.64"
"ISR","","ALL","2010","4.46"
"ISR","","ALL","2011","5.31"
"ISR","","ALL","2012","6.4"
"ISR","","ALL","2013","3.82"
"ISR","","ALL","2014","4.55"
"ISR","","ALL","2015","3.47"
"ISR","","ALL","2016","3.05"
"ISR","","ALL","2017","2.69"
"ISR","","ALL","2018","3.29"
"ISR","","ALL","2019","2.44"
"ISR","","ALL","2020","1.75"
"ITA","","ALL","1980","5.8"
"ITA","","ALL","1981","5.56"
"ITA","","ALL","1982","6.8"
"ITA","","ALL","1983","7.48"
"ITA","","ALL","1984","6.09"
"ITA","","ALL","1985","7.2"
"ITA","","ALL","1986","7.12"
"ITA","","ALL","1987","5.72"
"ITA","","ALL","1988","6.28"
"ITA","","ALL","1989","6.94"
"ITA","","ALL","1990","7.36"
"ITA","","ALL","1991","6.5"
"ITA","","ALL","1992","8.25"
"ITA","","ALL","1993","8.33"
"ITA","","ALL","1994","10.23"
"ITA","","ALL","1995","9.9"
"ITA","","ALL","1996","7.31"
"ITA","","ALL","1997","8.08"
"ITA","","ALL","1998","10.06"
"ITA","","ALL","1999","7.78"
"ITA","","ALL","2000","6.15"
"ITA","","ALL","2001","7.53"
"ITA","","ALL","2002","6.88"
"ITA","","ALL","2003","7.58"
"ITA","","ALL","2004","6.82"
"ITA","","ALL","2005","6.63"
"ITA","","ALL","2006","7.03"
"ITA","","ALL","2007","4.64"
"ITA","","ALL","2008","6.9"
"ITA","","ALL","2009","6.79"
"ITA","","ALL","2010","7.5"
"ITA","","ALL","2011","5.76"
"ITA","","ALL","2012","5.2"
"ITA","","ALL","2013","5.01"
"ITA","","ALL","2015","5.73"
"ITA","","ALL","2016","6.24"
"ITA","","ALL","2017","6.32"
"ITA","","ALL","2018","6.25"
"ITA","","ALL","2019","5.27"
"ITA","","ALL","2020","3.62"
"KAZ","","ALL","1980","96.57"
"KAZ","","ALL","1981","92.03"
"KAZ","","ALL","1982","90.52"
"KAZ","","ALL","1983","86.07"
"KAZ","","ALL","1984","80.51"
"KAZ","","ALL","1985","78.72"
"KAZ","","ALL","1986","81.99"
"KAZ","","ALL","1987","82.18"
"KAZ","","ALL","1988","82.52"
"KAZ","","ALL","1989","80.47"
"KAZ","","ALL","1990","65.8"
"KAZ","","ALL","1991","64.39"
"KAZ","","ALL","1992","64.36"
"KAZ","","ALL","1993","60.9"
"KAZ","","ALL","1994","62.24"
"KAZ","","ALL","1995","68.38"
"KAZ","","ALL","1996","87.58"
"KAZ","","ALL","1997","102.27"
"KAZ","","ALL","1998","136.82"
"KAZ","","ALL","1999","167.34"
"KAZ","","ALL","2000","173.8"
"KAZ","","ALL","2001","176.46"
"KAZ","","ALL","2002","185.44"
"KAZ","","ALL","2003","235.73"
"KAZ","","ALL","2004","189.38"
"KAZ","","ALL","2005","189.01"
"KAZ","","ALL","2006","173.89"
"KAZ","","ALL","2007","172.5"
"KAZ","","ALL","2008","147.63"
"KAZ","","ALL","2009","156.39"
"KAZ","","ALL","2010","143.35"
"KAZ","","ALL","2011","151.52"
"KAZ","","ALL","2012","107.23"
"KAZ","","ALL","2013","111.29"
"KAZ","","ALL","2014","87.75"
"KAZ","","ALL","2015","79.83"
"KAZ","","ALL","2016","69.01"
"KAZ","","ALL","2017","69.02"
"KAZ","","ALL","2018","70.21"
"KAZ","","ALL","2019","67.52"
"KAZ","","ALL","2020","51.87"
"KGZ","","ALL","1980","54.54"
"KGZ","","ALL","1981","56.57"
"KGZ","","ALL","1982","54.56"
"KGZ","","ALL","1983","51.12"
"KGZ","","ALL","1984","51.67"
"KGZ","","ALL","1985","52.48"
"KGZ","","ALL","1986","52.18"
"KGZ","","ALL","1987","50.38"
"KGZ","","ALL","1988","51.18"
"KGZ","","ALL","1989","49.65"
"KGZ","","ALL","1990","52.87"
"KGZ","","ALL","1991","56.89"
"KGZ","","ALL","1992","57.88"
"KGZ","","ALL","1993","54.54"
"KGZ","","ALL","1994","61.39"
"KGZ","","ALL","1995","75.71"
"KGZ","","ALL","1996","90.09"
"KGZ","","ALL","1997","112.69"
"KGZ","","ALL","1998","122.26"
"KGZ","","ALL","1999","131.82"
"KGZ","","ALL","2000","126.96"
"KGZ","","ALL","2001","135.05"
"KGZ","","ALL","2002","133.18"
"KGZ","","ALL","2003","263.41"
"KGZ","","ALL","2004","120.51"
"KGZ","","ALL","2005","123.72"
"KGZ","","ALL","2006","119.55"
"KGZ","","ALL","2007","117.11"
"KGZ","","ALL","2008","128.93"
"KGZ","","ALL","2009","110.17"
"KGZ","","ALL","2010","103.75"
"KGZ","","ALL","2011","108.44"
"KGZ","","ALL","2012","110.48"
"KGZ","","ALL","2013","123.69"
"KGZ","","ALL","2014","109.35"
"KGZ","","ALL","2015","117.96"
"KGZ","","ALL","2016","116.44"
"KGZ","","ALL","2017","107.88"
"KGZ","","ALL","2018","100.24"
"KGZ","","ALL","2019","95.07"
"KGZ","","ALL","2020","65.69"
"LTU","","ALL","1980","47.93"
"LTU","","ALL","1981","46.58"
"LTU","","ALL","1982","43.24"
"LTU","","ALL","1983","42.2"
"LTU","","ALL","1984","40.39"
"LTU","","ALL","1985","40.99"
"LTU","","ALL","1986","39.45"
"LTU","","ALL","1987","37.94"
"LTU","","ALL","1988","36.64"
"LTU","","ALL","1989","37.48"
"LTU","","ALL","1990","39.78"
"LTU","","ALL","1991","42.01"
"LTU","","ALL","1992","43.19"
"LTU","","ALL","1993","51.46"
"LTU","","ALL","1994","58.38"
"LTU","","ALL","1995","65.08"
"LTU","","ALL","1996","72.41"
"LTU","","ALL","1997","81.84"
"LTU","","ALL","1998","84.97"
"LTU","","ALL","1999","79.45"
"LTU","","ALL","2000","75.92"
"LTU","","ALL","2001","74.85"
"LTU","","ALL","2002","70.11"
"LTU","","ALL","2003","76.51"
"LTU","","ALL","2004","60.29"
"LTU","","ALL","2005","63.63"
"LTU","","ALL","2006","72.33"
"LTU","","ALL","2007","69.17"
"LTU","","ALL","2008","65.54"
"LTU","","ALL","2009","59.91"
"LTU","","ALL","2010","56.53"
"LTU","","ALL","2011","57.73"
"LTU","","ALL","2012","54.72"
"LTU","","ALL","2013","53.18"
"LTU","","ALL","2014","50.77"
"LTU","","ALL","2015","48.46"
"LTU","","ALL","2016","47.26"
"LTU","","ALL","2017","44.83"
"LTU","","ALL","2018","37.94"
"LTU","","ALL","2019","35.91"
"LTU","","ALL","2020","24.62"
"LUX","","ALL","1980","19.52"
"LUX","","ALL","1981","12.34"
"LUX","","ALL","1982","11.21"
"LUX","","ALL","1983","11.22"
"LUX","","ALL","1984","12.58"
"LUX","","ALL","1985","11.47"
"LUX","","ALL","1986","12.25"
"LUX","","ALL","1987","12.95"
"LUX","","ALL","1988","4.28"
"LUX","","ALL","1989","11.92"
"LUX","","ALL","1990","12.57"
"LUX","","ALL","1991","12.4"
"LUX","","ALL","1992","6.37"
"LUX","","ALL","1993","8.79"
"LUX","","ALL","1994","8.17"
"LUX","","ALL","1995","7.81"
"LUX","","ALL","1996","9.87"
"LUX","","ALL","1997","9.03"
"LUX","","ALL","1998","10.32"
"LUX","","ALL","1999","8.56"
"LUX","","ALL","2000","10.03"
"LUX","","ALL","2001","7.02"
"LUX","","ALL","2002","6.95"
"LUX","","ALL","2003","11.96"
"LUX","","ALL","2004","6.77"
"LUX","","ALL","2005","7.95"
"LUX","","ALL","2006","6.98"
"LUX","","ALL","2007","8.12"
"LUX","","ALL","2008","5.73"
"LUX","","ALL","2009","5.42"
"LUX","","ALL","2010","5.72"
"LUX","","ALL","2011","4.82"
"LUX","","ALL","2012","8.48"
"LUX","","ALL","2013","6.99"
"LUX","","ALL","2014","4.31"
"LUX","","ALL","2015","5.29"
"LUX","","ALL","2016","5.03"
"LUX","","ALL","2017","5.55"
"LUX","","ALL","2018","7.29"
"LUX","","ALL","2019","8.33"
"LUX","","ALL","2020","5.55"
"LVA","","ALL","1980","47.54"
"LVA","","ALL","1981","45.25"
"LVA","","ALL","1982","42.55"
"LVA","","ALL","1983","42.11"
"LVA","","ALL","1984","41.14"
"LVA","","ALL","1985","47.42"
"LVA","","ALL","1986","37.77"
"LVA","","ALL","1987","36.09"
"LVA","","ALL","1988","35.35"
"LVA","","ALL","1989","32.13"
"LVA","","ALL","1990","34.02"
"LVA","","ALL","1991","35.58"
"LVA","","ALL","1992","36.53"
"LVA","","ALL","1993","38.78"
"LVA","","ALL","1994","44.87"
"LVA","","ALL","1995","62.01"
"LVA","","ALL","1996","71.67"
"LVA","","ALL","1997","82.33"
"LVA","","ALL","1998","90.54"
"LVA","","ALL","1999","79.11"
"LVA","","ALL","2000","83.72"
"LVA","","ALL","2001","85.57"
"LVA","","ALL","2002","78.05"
"LVA","","ALL","2003","73.69"
"LVA","","ALL","2004","69.77"
"LVA","","ALL","2005","62.94"
"LVA","","ALL","2006","58.15"
"LVA","","ALL","2007","55.76"
"LVA","","ALL","2008","48.04"
"LVA","","ALL","2009","44.26"
"LVA","","ALL","2010","43.53"
"LVA","","ALL","2011","41.95"
"LVA","","ALL","2012","47.14"
"LVA","","ALL","2013","43.33"
"LVA","","ALL","2014","37.1"
"LVA","","ALL","2015","35.37"
"LVA","","ALL","2016","32.78"
"LVA","","ALL","2017","27.96"
"MCO","","ALL","1980","3.85"
"MCO","","ALL","1981","0"
"MCO","","ALL","1982","0"
"MCO","","ALL","1983","0"
"MCO","","ALL","1984","0"
"MCO","","ALL","1985","3.7"
"MCO","","ALL","1986","7.41"
"MCO","","ALL","1987","7.41"
"MCO","","ALL","1988","3.57"
"MCO","","ALL","1989","3.57"
"MCO","","ALL","1990","3.57"
"MCO","","ALL","1991","0"
"MCO","","ALL","1992","3.57"
"MCO","","ALL","1994","3.57"
"MCO","","ALL","1995","3.57"
"MCO","","ALL","1996","0"
"MCO","","ALL","1997","0"
"MCO","","ALL","1998","0"
"MCO","","ALL","1999","10"
"MCO","","ALL","2000","0"
"MCO","","ALL","2001","0"
"MCO","","ALL","2002","0"
"MCO","","ALL","2010","2.86"
"MCO","","ALL","2014","0"
"MCO","","ALL","2015","0"
"MCO","","ALL","2016","5.21"
"MCO","","ALL","2017","0"
"MCO","","ALL","2018","2.61"
"MCO","","ALL","2019","0"
"MCO","","ALL","2020","0"
"MDA","","ALL","1980","69.33"
"MDA","","ALL","1981","70.32"
"MDA","","ALL","1982","78.01"
"MDA","","ALL","1983","69.08"
"MDA","","ALL","1984","61.17"
"MDA","","ALL","1985","64.83"
"MDA","","ALL","1986","71.04"
"MDA","","ALL","1987","65.52"
"MDA","","ALL","1988","58.12"
"MDA","","ALL","1989","52.47"
"MDA","","ALL","1990","39.62"
"MDA","","ALL","1991","43.8"
"MDA","","ALL","1992","42.17"
"MDA","","ALL","1993","55.79"
"MDA","","ALL","1994","60.39"
"MDA","","ALL","1995","67.42"
"MDA","","ALL","1996","67.57"
"MDA","","ALL","1997","79.58"
"MDA","","ALL","1998","71.86"
"MDA","","ALL","1999","74.34"
"MDA","","ALL","2000","80.64"
"MDA","","ALL","2001","99.35"
"MDA","","ALL","2002","104.03"
"MDA","","ALL","2003","226.91"
"MDA","","ALL","2004","133.35"
"MDA","","ALL","2005","143"
"MDA","","ALL","2006","139.18"
"MDA","","ALL","2007","135.79"
"MDA","","ALL","2008","125.04"
"MDA","","ALL","2009","125.39"
"MDA","","ALL","2010","116.09"
"MDA","","ALL","2011","118.9"
"MDA","","ALL","2012","123.87"
"MDA","","ALL","2013","126.03"
"MDA","","ALL","2014","114.1"
"MDA","","ALL","2015","88.67"
"MDA","","ALL","2016","100.51"
"MDA","","ALL","2017","94.61"
"MDA","","ALL","2018","85.24"
"MDA","","ALL","2019","79.24"
"MDA","","ALL","2020","49.84"
"MKD","","ALL","1992","83.23"
"MKD","","ALL","1993","88.58"
"MKD","","ALL","1994","37.41"
"MKD","","ALL","1995","39.98"
"MKD","","ALL","1996","36.51"
"MKD","","ALL","1997","34.7"
"MKD","","ALL","1998","30.88"
"MKD","","ALL","1999","27.61"
"MKD","","ALL","2000","31.63"
"MKD","","ALL","2001","31.84"
"MKD","","ALL","2002","33.96"
"MKD","","ALL","2003","34.39"
"MKD","","ALL","2004","31.68"
"MKD","","ALL","2005","29.36"
"MKD","","ALL","2006","27.5"
"MKD","","ALL","2007","25.74"
"MKD","","ALL","2008","21.98"
"MKD","","ALL","2009","21.94"
"MKD","","ALL","2010","18.69"
"MKD","","ALL","2011","16.27"
"MKD","","ALL","2012","16.79"
"MKD","","ALL","2013","15.34"
"MKD","","ALL","2014","13.68"
"MKD","","ALL","2015","13.61"
"MKD","","ALL","2016","12.64"
"MKD","","ALL","2017","10.38"
"MKD","","ALL","2018","10.43"
"MKD","","ALL","2019","9.56"
"MKD","","ALL","2020","6.87"
"MLT","","ALL","1980","7.55"
"MLT","","ALL","1981","8.12"
"MLT","","ALL","1982","3.99"
"MLT","","ALL","1983","7.29"
"MLT","","ALL","1984","4.52"
"MLT","","ALL","1985","3.29"
"MLT","","ALL","1986","4.08"
"MLT","","ALL","1987","4.06"
"MLT","","ALL","1988","3.45"
"MLT","","ALL","1989","4.56"
"MLT","","ALL","1990","3.67"
"MLT","","ALL","1991","7.27"
"MLT","","ALL","1992","8.3"
"MLT","","ALL","1993","7.13"
"MLT","","ALL","1994","6.8"
"MLT","","ALL","1995","2.97"
"MLT","","ALL","1996","7.51"
"MLT","","ALL","1997","2.93"
"MLT","","ALL","1998","4.24"
"MLT","","ALL","1999","5.8"
"MLT","","ALL","2000","4.15"
"MLT","","ALL","2001","4.07"
"MLT","","ALL","2002","6.06"
"MLT","","ALL","2003","1.76"
"MLT","","ALL","2004","4.49"
"MLT","","ALL","2005","5.45"
"MLT","","ALL","2006","7.4"
"MLT","","ALL","2007","9.34"
"MLT","","ALL","2008","11.72"
"MLT","","ALL","2009","10.18"
"MLT","","ALL","2010","7"
"MLT","","ALL","2011","7.21"
"MLT","","ALL","2012","10.01"
"MLT","","ALL","2013","11.81"
"MLT","","ALL","2014","10.77"
"MLT","","ALL","2015","7.64"
"MLT","","ALL","2016","11.92"
"MLT","","ALL","2017","8.97"
"MLT","","ALL","2018","11.75"
"MLT","","ALL","2019","20.94"
"MLT","","ALL","2020","27.77"
"MNE","","ALL","2005","25.03"
"MNE","","ALL","2006","26.75"
"MNE","","ALL","2007","23.48"
"MNE","","ALL","2008","20.83"
"MNE","","ALL","2009","18.05"
"MNE","","ALL","2010","17.76"
"MNE","","ALL","2011","17.74"
"MNE","","ALL","2012","15.79"
"MNE","","ALL","2013","19.16"
"MNE","","ALL","2014","18.07"
"MNE","","ALL","2015","12.78"
"MNE","","ALL","2016","13.9"
"MNE","","ALL","2017","12.05"
"MNE","","ALL","2018","13.5"
"MNE","","ALL","2019","12.86"
"MNE","","ALL","2020","6.43"
"NLD","","ALL","1980","12.02"
"NLD","","ALL","1981","12.17"
"NLD","","ALL","1982","10.58"
"NLD","","ALL","1983","9.9"
"NLD","","ALL","1984","9.71"
"NLD","","ALL","1985","9.4"
"NLD","","ALL","1986","8.5"
"NLD","","ALL","1987","8.37"
"NLD","","ALL","1988","9.09"
"NLD","","ALL","1989","8.87"
"NLD","","ALL","1990","9.16"
"NLD","","ALL","1991","8.93"
"NLD","","ALL","1992","9.65"
"NLD","","ALL","1993","10.38"
"NLD","","ALL","1994","11.77"
"NLD","","ALL","1995","10.47"
"NLD","","ALL","1996","10.8"
"NLD","","ALL","1997","9.52"
"NLD","","ALL","1998","8.54"
"NLD","","ALL","1999","8.84"
"NLD","","ALL","2000","7.81"
"NLD","","ALL","2001","8.77"
"NLD","","ALL","2002","8.39"
"NLD","","ALL","2003","8.07"
"NLD","","ALL","2004","8.08"
"NLD","","ALL","2005","6.91"
"NLD","","ALL","2006","6.13"
"NLD","","ALL","2007","5.68"
"NLD","","ALL","2008","5.86"
"NLD","","ALL","2009","6.81"
"NLD","","ALL","2010","6.18"
"NLD","","ALL","2011","5.81"
"NLD","","ALL","2012","5.49"
"NLD","","ALL","2013","4.95"
"NLD","","ALL","2014","4.83"
"NLD","","ALL","2015","5.02"
"NLD","","ALL","2016","5.16"
"NLD","","ALL","2017","4.53"
"NLD","","ALL","2018","4.59"
"NLD","","ALL","2019","4.3"
"NLD","","ALL","2020","3.52"
"NOR","","ALL","1980","12.21"
"NOR","","ALL","1981","11.24"
"NOR","","ALL","1982","10.89"
"NOR","","ALL","1983","9.59"
"NOR","","ALL","1984","9.01"
"NOR","","ALL","1985","9.01"
"NOR","","ALL","1986","8.23"
"NOR","","ALL","1987","7.33"
"NOR","","ALL","1988","6.98"
"NOR","","ALL","1989","6.03"
"NOR","","ALL","1990","6.72"
"NOR","","ALL","1991","6.8"
"NOR","","ALL","1992","6.72"
"NOR","","ALL","1993","5.94"
"NOR","","ALL","1994","5.58"
"NOR","","ALL","1995","5.41"
"NOR","","ALL","1996","4.95"
"NOR","","ALL","1997","4.65"
"NOR","","ALL","1998","5.51"
"NOR","","ALL","1999","4.77"
"NOR","","ALL","2000","4.94"
"NOR","","ALL","2001","6.11"
"NOR","","ALL","2002","5.35"
"NOR","","ALL","2003","7.29"
"NOR","","ALL","2004","6.18"
"NOR","","ALL","2005","5.97"
"NOR","","ALL","2006","5.94"
"NOR","","ALL","2007","6.01"
"NOR","","ALL","2008","6.23"
"NOR","","ALL","2009","6.79"
"NOR","","ALL","2010","6.03"
"NOR","","ALL","2011","6.46"
"NOR","","ALL","2012","6.83"
"NOR","","ALL","2013","7.13"
"NOR","","ALL","2014","5.89"
"NOR","","ALL","2015","5.49"
"NOR","","ALL","2016","5.27"
"NOR","","ALL","2017","4.49"
"NOR","","ALL","2018","3.56"
"NOR","","ALL","2019","2.86"
"NOR","","ALL","2020","2.68"
"","NORDIC","ALL","1980","18.32"
"","NORDIC","ALL","1981","17.53"
"","NORDIC","ALL","1982","16.83"
"","NORDIC","ALL","1983","15.36"
"","NORDIC","ALL","1984","14.29"
"","NORDIC","ALL","1985","14.15"
"","NORDIC","ALL","1986","12.45"
"","NORDIC","ALL","1987","11.38"
"","NORDIC","ALL","1988","9.7"
"","NORDIC","ALL","1989","9.39"
"","NORDIC","ALL","1990","8.55"
"","NORDIC","ALL","1991","8.29"
"","NORDIC","ALL","1992","8.42"
"","NORDIC","ALL","1993","7.8"
"","NORDIC","ALL","1994","7.79"
"","NORDIC","ALL","1995","8.07"
"","NORDIC","ALL","1996","7.76"
"","NORDIC","ALL","1997","7.51"
"","NORDIC","ALL","1998","7.77"
"","NORDIC","ALL","1999","7.7"
"","NORDIC","ALL","2000","7.31"
"","NORDIC","ALL","2001","6.75"
"","NORDIC","ALL","2002","6.07"
"","NORDIC","ALL","2003","6.23"
"","NORDIC","ALL","2004","5.71"
"","NORDIC","ALL","2005","6.33"
"","NORDIC","ALL","2006","5.67"
"","NORDIC","ALL","2007","5.66"
"","NORDIC","ALL","2008","5.89"
"","NORDIC","ALL","2009","6.33"
"","NORDIC","ALL","2010","6.16"
"","NORDIC","ALL","2011","6"
"","NORDIC","ALL","2012","5.99"
"","NORDIC","ALL","2013","6.06"
"","NORDIC","ALL","2014","5.67"
"","NORDIC","ALL","2015","6.27"
"","NORDIC","ALL","2016","5.63"
"","NORDIC","ALL","2017","4.54"
"","NORDIC","ALL","2018","4.32"
"","NORDIC","ALL","2019","4.13"
"","NORDIC","ALL","2020","3.11"
"POL","","ALL","1980","72.54"
"POL","","ALL","1981","67.09"
"POL","","ALL","1982","65.38"
"POL","","ALL","1983","64.01"
"POL","","ALL","1984","61.03"
"POL","","ALL","1985","58.19"
"POL","","ALL","1986","55.01"
"POL","","ALL","1987","52.46"
"POL","","ALL","1988","48.96"
"POL","","ALL","1989","42.63"
"POL","","ALL","1990","42.33"
"POL","","ALL","1991","43.13"
"POL","","ALL","1992","43.14"
"POL","","ALL","1993","43.76"
"POL","","ALL","1994","43.21"
"POL","","ALL","1995","41.36"
"POL","","ALL","1996","39.77"
"POL","","ALL","1997","36.14"
"POL","","ALL","1998","34.4"
"POL","","ALL","1999","31.48"
"POL","","ALL","2000","28.57"
"POL","","ALL","2001","26.54"
"POL","","ALL","2002","26.34"
"POL","","ALL","2003","26.51"
"POL","","ALL","2004","22.78"
"POL","","ALL","2005","21.5"
"POL","","ALL","2006","21.02"
"POL","","ALL","2007","21.04"
"POL","","ALL","2008","19.47"
"POL","","ALL","2009","20.1"
"POL","","ALL","2010","18.41"
"POL","","ALL","2011","20.88"
"POL","","ALL","2012","18.53"
"POL","","ALL","2013","18.52"
"POL","","ALL","2014","16.93"
"POL","","ALL","2015","16.22"
"POL","","ALL","2016","15.99"
"POL","","ALL","2017","14.41"
"POL","","ALL","2018","13.53"
"POL","","ALL","2019","12.98"
"POL","","ALL","2020","8.21"
"PRT","","ALL","1980","69.54"
"PRT","","ALL","1981","73.58"
"PRT","","ALL","1982","73.74"
"PRT","","ALL","1983","70.84"
"PRT","","ALL","1984","69.15"
"PRT","","ALL","1985","68.73"
"PRT","","ALL","1986","66.02"
"PRT","","ALL","1987","70.78"
"PRT","","ALL","1988","63.51"
"PRT","","ALL","1989","66.61"
"PRT","","ALL","1990","62.24"
"PRT","","ALL","1991","60.04"
"PRT","","ALL","1992","59.55"
"PRT","","ALL","1993","54.66"
"PRT","","ALL","1994","56.24"
"PRT","","ALL","1995","55.62"
"PRT","","ALL","1996","52.15"
"PRT","","ALL","1997","50.55"
"PRT","","ALL","1998","51.77"
"PRT","","ALL","1999","45.01"
"PRT","","ALL","2000","41.08"
"PRT","","ALL","2001","41.69"
"PRT","","ALL","2002","42.05"
"PRT","","ALL","2003","38.21"
"PRT","","ALL","2004","34.47"
"PRT","","ALL","2005","31.49"
"PRT","","ALL","2006","30.64"
"PRT","","ALL","2007","28.04"
"PRT","","ALL","2008","26.68"
"PRT","","ALL","2009","25.68"
"PRT","","ALL","2010","24.61"
"PRT","","ALL","2011","23.64"
"PRT","","ALL","2012","23.68"
"PRT","","ALL","2013","22.36"
"PRT","","ALL","2014","20.85"
"PRT","","ALL","2015","20.16"
"PRT","","ALL","2016","17.41"
"PRT","","ALL","2017","17.09"
"PRT","","ALL","2018","18.05"
"PRT","","ALL","2019","16.73"
"PRT","","ALL","2020","13.63"
"ROU","","ALL","1980","61.05"
"ROU","","ALL","1981","60.85"
"ROU","","ALL","1982","60.45"
"ROU","","ALL","1983","60.17"
"ROU","","ALL","1984","57.25"
"ROU","","ALL","1985","55.78"
"ROU","","ALL","1986","56.35"
"ROU","","ALL","1987","58.24"
"ROU","","ALL","1988","61.32"
"ROU","","ALL","1989","63.39"
"ROU","","ALL","1990","70.05"
"ROU","","ALL","1991","66.78"
"ROU","","ALL","1992","79.41"
"ROU","","ALL","1993","89.43"
"ROU","","ALL","1994","94.24"
"ROU","","ALL","1995","102.6"
"ROU","","ALL","1996","106.99"
"ROU","","ALL","1997","106.02"
"ROU","","ALL","1998","114.47"
"ROU","","ALL","1999","116.25"
"ROU","","ALL","2000","122.44"
"ROU","","ALL","2001","127.54"
"ROU","","ALL","2002","136.51"
"ROU","","ALL","2003","136.53"
"ROU","","ALL","2004","131.82"
"ROU","","ALL","2005","120.73"
"ROU","","ALL","2006","112.56"
"ROU","","ALL","2007","104.89"
"ROU","","ALL","2008","101.02"
"ROU","","ALL","2009","96.15"
"ROU","","ALL","2010","86.74"
"ROU","","ALL","2011","79.82"
"ROU","","ALL","2012","75.56"
"ROU","","ALL","2013","69.42"
"ROU","","ALL","2014","75.62"
"ROU","","ALL","2015","72.91"
"ROU","","ALL","2016","66.02"
"ROU","","ALL","2017","55.42"
"ROU","","ALL","2018","52.17"
"ROU","","ALL","2019","50.03"
"ROU","","ALL","2020","32.47"
"RUS","","ALL","1980","53.63"
"RUS","","ALL","1981","52.7"
"RUS","","ALL","1982","51.57"
"RUS","","ALL","1983","51.95"
"RUS","","ALL","1984","52.51"
"RUS","","ALL","1985","45.2"
"RUS","","ALL","1986","49.78"
"RUS","","ALL","1987","48.24"
"RUS","","ALL","1988","46.11"
"RUS","","ALL","1989","42.75"
"RUS","","ALL","1990","34.24"
"RUS","","ALL","1991","34"
"RUS","","ALL","1992","35.84"
"RUS","","ALL","1993","43.3"
"RUS","","ALL","1994","48.26"
"RUS","","ALL","1995","57.85"
"RUS","","ALL","1996","75.8"
"RUS","","ALL","1997","81.51"
"RUS","","ALL","1998","76.11"
"RUS","","ALL","1999","92.55"
"RUS","","ALL","2000","97.35"
"RUS","","ALL","2001","92.15"
"RUS","","ALL","2002","90.18"
"RUS","","ALL","2003","90.44"
"RUS","","ALL","2004","84.43"
"RUS","","ALL","2005","89.39"
"RUS","","ALL","2006","87.51"
"RUS","","ALL","2007","89.6"
"RUS","","ALL","2008","90.35"
"RUS","","ALL","2009","93.48"
"RUS","","ALL","2010","87.72"
"RUS","","ALL","2011","78.98"
"RUS","","ALL","2012","73.87"
"RUS","","ALL","2013","74.25"
"RUS","","ALL","2014","71.35"
"RUS","","ALL","2015","69.42"
"RUS","","ALL","2016","64.42"
"RUS","","ALL","2017","57.55"
"RUS","","ALL","2018","53.3"
"RUS","","ALL","2019","49.96"
"RUS","","ALL","2020","40.09"
"","SEEHN","ALL","1980","54.37"
"","SEEHN","ALL","1981","53.44"
"","SEEHN","ALL","1982","54.27"
"","SEEHN","ALL","1983","52.7"
"","SEEHN","ALL","1984","51.31"
"","SEEHN","ALL","1985","50.36"
"","SEEHN","ALL","1986","50.68"
"","SEEHN","ALL","1987","50.22"
"","SEEHN","ALL","1988","49.89"
"","SEEHN","ALL","1989","49.94"
"","SEEHN","ALL","1990","51.18"
"","SEEHN","ALL","1991","50.02"
"","SEEHN","ALL","1992","55.27"
"","SEEHN","ALL","1993","60.4"
"","SEEHN","ALL","1994","64.11"
"","SEEHN","ALL","1995","63.93"
"","SEEHN","ALL","1996","65.01"
"","SEEHN","ALL","1997","66.45"
"","SEEHN","ALL","1998","70.48"
"","SEEHN","ALL","1999","70.1"
"","SEEHN","ALL","2000","71.91"
"","SEEHN","ALL","2001","76.03"
"","SEEHN","ALL","2002","76.79"
"","SEEHN","ALL","2003","84.39"
"","SEEHN","ALL","2004","76.77"
"","SEEHN","ALL","2005","72.79"
"","SEEHN","ALL","2006","68.5"
"","SEEHN","ALL","2007","65.32"
"","SEEHN","ALL","2008","61.42"
"","SEEHN","ALL","2009","58.69"
"","SEEHN","ALL","2010","52.85"
"","SEEHN","ALL","2011","49.8"
"","SEEHN","ALL","2012","48.02"
"","SEEHN","ALL","2013","45.86"
"","SEEHN","ALL","2014","45.41"
"","SEEHN","ALL","2015","42.03"
"","SEEHN","ALL","2016","38.86"
"","SEEHN","ALL","2017","35.28"
"","SEEHN","ALL","2018","32.79"
"","SEEHN","ALL","2019","30.82"
"","SEEHN","ALL","2020","19.47"
"","SMALL","ALL","1980","17.13"
"","SMALL","ALL","1981","15.78"
"","SMALL","ALL","1982","15.77"
"","SMALL","ALL","1983","15.57"
"","SMALL","ALL","1984","13.86"
"","SMALL","ALL","1985","13.91"
"","SMALL","ALL","1986","13.56"
"","SMALL","ALL","1987","13.02"
"","SMALL","ALL","1988","11.77"
"","SMALL","ALL","1989","12.54"
"","SMALL","ALL","1990","12.72"
"","SMALL","ALL","1991","13.41"
"","SMALL","ALL","1992","12.28"
"","SMALL","ALL","1993","11.89"
"","SMALL","ALL","1994","12.29"
"","SMALL","ALL","1995","11.15"
"","SMALL","ALL","1996","11.35"
"","SMALL","ALL","1997","11.48"
"","SMALL","ALL","1998","11.56"
"","SMALL","ALL","1999","11.14"
"","SMALL","ALL","2000","10.78"
"","SMALL","ALL","2001","10.3"
"","SMALL","ALL","2002","9.45"
"","SMALL","ALL","2003","10.28"
"","SMALL","ALL","2004","9.58"
"","SMALL","ALL","2005","10.09"
"","SMALL","ALL","2006","10.77"
"","SMALL","ALL","2007","10.29"
"","SMALL","ALL","2008","9.54"
"","SMALL","ALL","2009","8.92"
"","SMALL","ALL","2010","9.11"
"","SMALL","ALL","2011","7.93"
"","SMALL","ALL","2012","9.22"
"","SMALL","ALL","2013","9.05"
"","SMALL","ALL","2014","8.04"
"","SMALL","ALL","2015","7.35"
"","SMALL","ALL","2016","8"
"","SMALL","ALL","2017","7.12"
"","SMALL","ALL","2018","7.99"
"","SMALL","ALL","2019","10.16"
"","SMALL","ALL","2020","8.38"
"SMR","","ALL","1990","4.35"
"SMR","","ALL","1991","4.35"
"SMR","","ALL","1993","12.45"
"SMR","","ALL","1994","8.16"
"SMR","","ALL","1995","7.98"
"SMR","","ALL","1996","0"
"SMR","","ALL","1997","3.86"
"SMR","","ALL","1998","0"
"SMR","","ALL","1999","0"
"SMR","","ALL","2000","3.73"
"SMR","","ALL","2001","0"
"SMR","","ALL","2002","3.7"
"SMR","","ALL","2003","3.7"
"SMR","","ALL","2004","0"
"SMR","","ALL","2016","0"
"SMR","","ALL","2017","0"
"SMR","","ALL","2018","0"
"SMR","","ALL","2019","0"
"SRB","","ALL","2005","43.11"
"SRB","","ALL","2006","42.45"
"SRB","","ALL","2007","39.17"
"SRB","","ALL","2008","37.02"
"SRB","","ALL","2009","34.57"
"SRB","","ALL","2010","32"
"SRB","","ALL","2011","30.04"
"SRB","","ALL","2012","25.99"
"SRB","","ALL","2013","29.39"
"SRB","","ALL","2014","25.49"
"SRB","","ALL","2015","23.12"
"SRB","","ALL","2016","20.64"
"SRB","","ALL","2017","20.65"
"SRB","","ALL","2018","19.05"
"SRB","","ALL","2019","15.84"
"SRB","","ALL","2020","6.32"
"SVK","","ALL","1980","49.45"
"SVK","","ALL","1981","45.92"
"SVK","","ALL","1982","44.77"
"SVK","","ALL","1983","44.23"
"SVK","","ALL","1984","41.97"
"SVK","","ALL","1985","38.53"
"SVK","","ALL","1986","38.94"
"SVK","","ALL","1987","35.03"
"SVK","","ALL","1988","31.44"
"SVK","","ALL","1989","28.45"
"SVK","","ALL","1990","27.33"
"SVK","","ALL","1991","30.66"
"SVK","","ALL","1992","32.66"
"SVK","","ALL","1993","33.79"
"SVK","","ALL","1994","32.91"
"SVK","","ALL","1995","28.71"
"SVK","","ALL","1996","27.97"
"SVK","","ALL","1997","24.11"
"SVK","","ALL","1998","23.78"
"SVK","","ALL","1999","20.39"
"SVK","","ALL","2000","18.7"
"SVK","","ALL","2001","18.33"
"SVK","","ALL","2002","18.13"
"SVK","","ALL","2003","18.18"
"SVK","","ALL","2004","12.34"
"SVK","","ALL","2005","13.18"
"SVK","","ALL","2006","12.48"
"SVK","","ALL","2007","11.52"
"SVK","","ALL","2008","10.8"
"SVK","","ALL","2009","8.36"
"SVK","","ALL","2010","7.53"
"SVK","","ALL","2011","7"
"SVK","","ALL","2012","5.94"
"SVK","","ALL","2013","7.35"
"SVK","","ALL","2014","5.9"
"SVK","","ALL","2015","5.68"
"SVK","","ALL","2016","5.18"
"SVK","","ALL","2017","4.19"
"SVK","","ALL","2018","5.01"
"SVK","","ALL","2019","3.92"
"SVK","","ALL","2020","2.81"
"SVN","","ALL","1980","57.22"
"SVN","","ALL","1981","49.52"
"SVN","","ALL","1982","51.4"
"SVN","","ALL","1983","48.12"
"SVN","","ALL","1984","46.37"
"SVN","","ALL","1985","46.73"
"SVN","","ALL","1986","41.2"
"SVN","","ALL","1987","39.81"
"SVN","","ALL","1988","38"
"SVN","","ALL","1989","38.41"
"SVN","","ALL","1990","36.13"
"SVN","","ALL","1991","29.12"
"SVN","","ALL","1992","32.07"
"SVN","","ALL","1993","32.45"
"SVN","","ALL","1994","26.45"
"SVN","","ALL","1995","26.42"
"SVN","","ALL","1996","28.27"
"SVN","","ALL","1997","24.21"
"SVN","","ALL","1998","22.65"
"SVN","","ALL","1999","21.3"
"SVN","","ALL","2000","18.49"
"SVN","","ALL","2001","18.02"
"SVN","","ALL","2002","16.94"
"SVN","","ALL","2003","14.27"
"SVN","","ALL","2004","12.47"
"SVN","","ALL","2005","13.44"
"SVN","","ALL","2006","10.31"
"SVN","","ALL","2007","10.6"
"SVN","","ALL","2008","10.2"
"SVN","","ALL","2009","9.11"
"SVN","","ALL","2010","8.25"
"SVN","","ALL","2011","8.82"
"SVN","","ALL","2012","6.52"
"SVN","","ALL","2013","6.75"
"SVN","","ALL","2014","6.87"
"SVN","","ALL","2015","6.25"
"SVN","","ALL","2016","5.72"
"SVN","","ALL","2017","5.42"
"SVN","","ALL","2018","4.73"
"SVN","","ALL","2019","4.69"
"SVN","","ALL","2020","3.57"
"SWE","","ALL","1980","11.14"
"SWE","","ALL","1981","10.52"
"SWE","","ALL","1982","9.42"
"SWE","","ALL","1983","9.99"
"SWE","","ALL","1984","9.04"
"SWE","","ALL","1985","8.41"
"SWE","","ALL","1986","7.65"
"SWE","","ALL","1987","6.49"
"SWE","","ALL","1988","6.35"
"SWE","","ALL","1989","7.01"
"SWE","","ALL","1990","6.51"
"SWE","","ALL","1991","6.05"
"SWE","","ALL","1992","7.04"
"SWE","","ALL","1993","7.07"
"SWE","","ALL","1994","6.12"
"SWE","","ALL","1995","6.39"
"SWE","","ALL","1996","5.62"
"SWE","","ALL","1997","5.15"
"SWE","","ALL","1998","5.04"
"SWE","","ALL","1999","5.41"
"SWE","","ALL","2000","4.7"
"SWE","","ALL","2001","4.43"
"SWE","","ALL","2002","4.2"
"SWE","","ALL","2003","4.42"
"SWE","","ALL","2004","4.77"
"SWE","","ALL","2005","5.97"
"SWE","","ALL","2006","5.4"
"SWE","","ALL","2007","5.03"
"SWE","","ALL","2008","5.59"
"SWE","","ALL","2009","6.15"
"SWE","","ALL","2010","6.56"
"SWE","","ALL","2011","5.69"
"SWE","","ALL","2012","6.23"
"SWE","","ALL","2013","6.35"
"SWE","","ALL","2014","6.54"
"SWE","","ALL","2015","7.98"
"SWE","","ALL","2016","7.13"
"SWE","","ALL","2017","4.85"
"SWE","","ALL","2018","4.69"
"SWE","","ALL","2019","4.65"
"SWE","","ALL","2020","3.05"
"TJK","","ALL","1981","64.8"
"TJK","","ALL","1982","62.97"
"TJK","","ALL","1983","57.56"
"TJK","","ALL","1984","54.79"
"TJK","","ALL","1985","54.52"
"TJK","","ALL","1986","55.44"
"TJK","","ALL","1987","56.09"
"TJK","","ALL","1988","49.36"
"TJK","","ALL","1989","50.71"
"TJK","","ALL","1990","46.39"
"TJK","","ALL","1991","38.95"
"TJK","","ALL","1992","30.18"
"TJK","","ALL","1993","11.7"
"TJK","","ALL","1994","15.91"
"TJK","","ALL","1995","35.8"
"TJK","","ALL","1996","28.72"
"TJK","","ALL","1997","36.81"
"TJK","","ALL","1998","41.22"
"TJK","","ALL","1999","42.1"
"TJK","","ALL","2000","44.91"
"TJK","","ALL","2001","55.57"
"TJK","","ALL","2002","62.91"
"TJK","","ALL","2003","132.98"
"TJK","","ALL","2004","67.49"
"TJK","","ALL","2005","78.97"
"TJK","","ALL","2006","81.4"
"TJK","","ALL","2007","88.2"
"TJK","","ALL","2008","87.64"
"TJK","","ALL","2009","96.76"
"TJK","","ALL","2010","93.01"
"TJK","","ALL","2011","91.2"
"TJK","","ALL","2012","82.41"
"TJK","","ALL","2013","68.74"
"TJK","","ALL","2014","70"
"TJK","","ALL","2015","69.49"
"TJK","","ALL","2016","69.03"
"TJK","","ALL","2017","66"
"TJK","","ALL","2018","64.11"
"TJK","","ALL","2019","64.44"
"TJK","","ALL","2020","46.44"
"TKM","","ALL","1980","57.9"
"TKM","","ALL","1981","55.39"
"TKM","","ALL","1982","51.88"
"TKM","","ALL","1983","49.51"
"TKM","","ALL","1984","50.9"
"TKM","","ALL","1985","49.84"
"TKM","","ALL","1986","48.78"
"TKM","","ALL","1987","57.62"
"TKM","","ALL","1988","54.76"
"TKM","","ALL","1989","60.85"
"TKM","","ALL","1990","63.58"
"TKM","","ALL","1991","62.93"
"TKM","","ALL","1992","53.93"
"TKM","","ALL","1993","69.69"
"TKM","","ALL","1995","43.27"
"TKM","","ALL","1996","45.37"
"TKM","","ALL","1997","74.04"
"TKM","","ALL","1998","81.55"
"TKM","","ALL","1999","93.34"
"TKM","","ALL","2000","90.56"
"TKM","","ALL","2001","81.65"
"TKM","","ALL","2002","74.46"
"TKM","","ALL","2003","88.95"
"TKM","","ALL","2004","67.9"
"TKM","","ALL","2005","66.03"
"TKM","","ALL","2006","65.79"
"TKM","","ALL","2007","69.04"
"TKM","","ALL","2008","74.68"
"TKM","","ALL","2009","61.78"
"TKM","","ALL","2010","64.06"
"TKM","","ALL","2011","53.55"
"TKM","","ALL","2012","56.87"
"TKM","","ALL","2013","58.15"
"TKM","","ALL","2014","47.8"
"TKM","","ALL","2015","40.77"
"TKM","","ALL","2016","38.02"
"TKM","","ALL","2017","36.19"
"TKM","","ALL","2018","39.66"
"TKM","","ALL","2019","38.92"
"TKM","","ALL","2020","35.27"
"TUR","","ALL","1980","82.47"
"TUR","","ALL","1981","87.79"
"TUR","","ALL","1982","56.72"
"TUR","","ALL","1983","59.9"
"TUR","","ALL","1984","56.27"
"TUR","","ALL","1985","61.7"
"TUR","","ALL","1986","60.55"
"TUR","","ALL","1987","58.3"
"TUR","","ALL","1988","52.05"
"TUR","","ALL","1989","48.63"
"TUR","","ALL","1990","44.39"
"TUR","","ALL","1991","44.9"
"TUR","","ALL","1992","44.67"
"TUR","","ALL","1995","38.46"
"TUR","","ALL","1996","33.31"
"TUR","","ALL","1997","41.71"
"TUR","","ALL","1998","40.83"
"TUR","","ALL","1999","34.86"
"TUR","","ALL","2000","28.07"
"TUR","","ALL","2001","26.5"
"TUR","","ALL","2002","27.33"
"TUR","","ALL","2003","26.8"
"TUR","","ALL","2004","25.9"
"TUR","","ALL","2005","28.8"
"TUR","","ALL","2006","28.29"
"TUR","","ALL","2007","26.74"
"TUR","","ALL","2008","24.61"
"TUR","","ALL","2009","23.28"
"TUR","","ALL","2010","21.71"
"TUR","","ALL","2011","20.28"
"TUR","","ALL","2012","18.81"
"TUR","","ALL","2013","17.32"
"TUR","","ALL","2014","16.91"
"TUR","","ALL","2015","15.95"
"TUR","","ALL","2016","15.37"
"TUR","","ALL","2017","14.72"
"TUR","","ALL","2018","14.22"
"TUR","","ALL","2019","13.62"
"TUR","","ALL","2020","10.59"
"UKR","","ALL","1980","52.3"
"UKR","","ALL","1981","51.12"
"UKR","","ALL","1982","49.07"
"UKR","","ALL","1983","47.82"
"UKR","","ALL","1984","48.01"
"UKR","","ALL","1985","47.25"
"UKR","","ALL","1986","44.92"
"UKR","","ALL","1987","43.22"
"UKR","","ALL","1988","40.38"
"UKR","","ALL","1989","39.18"
"UKR","","ALL","1990","31.89"
"UKR","","ALL","1991","32.3"
"UKR","","ALL","1992","34.95"
"UKR","","ALL","1993","38.45"
"UKR","","ALL","1994","39.91"
"UKR","","ALL","1995","41.85"
"UKR","","ALL","1996","46.04"
"UKR","","ALL","1997","56.19"
"UKR","","ALL","1998","55.47"
"UKR","","ALL","1999","66.22"
"UKR","","ALL","2000","66.9"
"UKR","","ALL","2001","75.33"
"UKR","","ALL","2002","83.72"
"UKR","","ALL","2003","163.13"
"UKR","","ALL","2005","84.41"
"UKR","","ALL","2006","88.54"
"UKR","","ALL","2007","80.98"
"UKR","","ALL","2008","82.1"
"UKR","","ALL","2009","78.64"
"UKR","","ALL","2010","74.1"
"UKR","","ALL","2011","75.2"
"UKR","","ALL","2012","90.26"
"UKR","","ALL","2013","80.69"
"UKR","","ALL","2014","70.44"
"UKR","","ALL","2015","67.27"
"UKR","","ALL","2016","65.1"
"UKR","","ALL","2017","61.02"
"UKR","","ALL","2018","59.41"
"UKR","","ALL","2019","56.87"
"UKR","","ALL","2020","39.29"
"UZB","","ALL","1980","57.5"
"UZB","","ALL","1981","59.27"
"UZB","","ALL","1982","51.9"
"UZB","","ALL","1983","51.23"
"UZB","","ALL","1984","48.38"
"UZB","","ALL","1985","48.13"
"UZB","","ALL","1986","50.66"
"UZB","","ALL","1987","51.27"
"UZB","","ALL","1988","51.8"
"UZB","","ALL","1989","53.14"
"UZB","","ALL","1990","46.1"
"UZB","","ALL","1992","43.15"
"UZB","","ALL","1993","44.62"
"UZB","","ALL","1994","66.27"
"UZB","","ALL","1995","43.06"
"UZB","","ALL","1996","51.53"
"UZB","","ALL","1997","56.67"
"UZB","","ALL","1998","60.78"
"UZB","","ALL","1999","62.03"
"UZB","","ALL","2000","63.89"
"UZB","","ALL","2001","69.66"
"UZB","","ALL","2002","81.47"
"UZB","","ALL","2003","94.59"
"UZB","","ALL","2004","78.44"
"UZB","","ALL","2005","82.21"
"UZB","","ALL","2006","90.24"
"UZB","","ALL","2007","73.62"
"UZB","","ALL","2008","62.91"
"UZB","","ALL","2009","71.93"
"UZB","","ALL","2010","59.11"
"UZB","","ALL","2011","52.3"
"UZB","","ALL","2012","49.81"
"UZB","","ALL","2013","68.82"
"UZB","","ALL","2014","62.25"
"UZB","","ALL","2015","54.58"
"UZB","","ALL","2016","52.97"
"UZB","","ALL","2017","52.43"
"UZB","","ALL","2018","50.26"
"UZB","","ALL","2019","48.93"
"UZB","","ALL","2020","36.42"
"","WESTERN_BALKANS","ALL","1996","41.8"
"","WESTERN_BALKANS","ALL","1997","44.12"
"","WESTERN_BALKANS","ALL","1998","43.23"
"","WESTERN_BALKANS","ALL","1999","44.01"
"","WESTERN_BALKANS","ALL","2000","41.74"
"","WESTERN_BALKANS","ALL","2001","41.58"
"","WESTERN_BALKANS","ALL","2002","37.34"
"","WESTERN_BALKANS","ALL","2003","37.62"
"","WESTERN_BALKANS","ALL","2004","40.32"
"","WESTERN_BALKANS","ALL","2005","38.65"
"","WESTERN_BALKANS","ALL","2006","36.36"
"","WESTERN_BALKANS","ALL","2007","37.97"
"","WESTERN_BALKANS","ALL","2008","32.4"
"","WESTERN_BALKANS","ALL","2009","31.4"
"","WESTERN_BALKANS","ALL","2010","27.39"
"","WESTERN_BALKANS","ALL","2011","26.42"
"","WESTERN_BALKANS","ALL","2012","24.87"
"","WESTERN_BALKANS","ALL","2013","25.78"
"","WESTERN_BALKANS","ALL","2014","23.09"
"","WESTERN_BALKANS","ALL","2015","21.28"
"","WESTERN_BALKANS","ALL","2016","19"
"","WESTERN_BALKANS","ALL","2017","18.77"
"","WESTERN_BALKANS","ALL","2018","17.12"
"","WESTERN_BALKANS","ALL","2019","14.87"
"","WESTERN_BALKANS","ALL","2020","7.65"
"","WHO_EURO","ALL","1980","41.64"
"","WHO_EURO","ALL","1981","41.4"
"","WHO_EURO","ALL","1982","38.72"
"","WHO_EURO","ALL","1983","38.08"
"","WHO_EURO","ALL","1984","36.87"
"","WHO_EURO","ALL","1985","35.53"
"","WHO_EURO","ALL","1986","36.03"
"","WHO_EURO","ALL","1987","34.47"
"","WHO_EURO","ALL","1988","32.81"
"","WHO_EURO","ALL","1989","31.62"
"","WHO_EURO","ALL","1990","28.74"
"","WHO_EURO","ALL","1991","28.59"
"","WHO_EURO","ALL","1992","29.45"
"","WHO_EURO","ALL","1993","31.65"
"","WHO_EURO","ALL","1994","33.08"
"","WHO_EURO","ALL","1995","33.87"
"","WHO_EURO","ALL","1996","37.42"
"","WHO_EURO","ALL","1997","41"
"","WHO_EURO","ALL","1998","40.64"
"","WHO_EURO","ALL","1999","43.44"
"","WHO_EURO","ALL","2000","43.28"
"","WHO_EURO","ALL","2001","42.45"
"","WHO_EURO","ALL","2002","43.02"
"","WHO_EURO","ALL","2003","50.8"
"","WHO_EURO","ALL","2004","43.14"
"","WHO_EURO","ALL","2005","42.07"
"","WHO_EURO","ALL","2006","41.28"
"","WHO_EURO","ALL","2007","39.94"
"","WHO_EURO","ALL","2008","39.19"
"","WHO_EURO","ALL","2009","39.65"
"","WHO_EURO","ALL","2010","36.82"
"","WHO_EURO","ALL","2011","35.1"
"","WHO_EURO","ALL","2012","33.16"
"","WHO_EURO","ALL","2013","32.86"
"","WHO_EURO","ALL","2014","30.57"
"","WHO_EURO","ALL","2015","29.32"
"","WHO_EURO","ALL","2016","27.79"
"","WHO_EURO","ALL","2017","25.91"
"","WHO_EURO","ALL","2018","24.61"
"","WHO_EURO","ALL","2019","23.34"
"","WHO_EURO","ALL","2020","17.69"

" ","2023.10.04 17:34:40 GMT"
""," ,  100000 "
"","https://dw.euro.who.int/api/v3/measures/HFA_305?lang=Ru"

" "
"    , 2024 .   .","https://www.who.int/ru/about/policies/publishing/copyright"
